output_file,source_file,shoe,surface,source_index,h2h_index,pk_index,H2H_ms,PK_dB,PK_max_dB,amplitude_scale,n_impacts,sample_rate,duration_s,source_impact_time_s
dress_gravel_neutral_0010__H2H_598.88ms__PK_60.27dB.wav,dress_gravel_neutral_0010.wav,dress,gravel,0,0,0,598.88,60.272,89.316,0.6748175019033543,17,44100,10.0,5.079365079365079
dress_gravel_neutral_0021__H2H_598.88ms__PK_64.42dB.wav,dress_gravel_neutral_0021.wav,dress,gravel,1,0,1,598.88,64.42114285714285,89.316,0.7212721444885895,17,44100,10.0,0.1073922902494331
dress_gravel_neutral_0010__H2H_598.88ms__PK_68.57dB.wav,dress_gravel_neutral_0010.wav,dress,gravel,0,0,2,598.88,68.57028571428572,89.316,0.7677267870738246,17,44100,10.0,5.079365079365079
dress_gravel_neutral_0021__H2H_598.88ms__PK_72.72dB.wav,dress_gravel_neutral_0021.wav,dress,gravel,1,0,3,598.88,72.71942857142857,89.316,0.8141814296590596,17,44100,10.0,0.1073922902494331
dress_gravel_neutral_0010__H2H_598.88ms__PK_76.87dB.wav,dress_gravel_neutral_0010.wav,dress,gravel,0,0,4,598.88,76.86857142857143,89.316,0.8606360722442947,17,44100,10.0,5.079365079365079
dress_gravel_neutral_0021__H2H_598.88ms__PK_81.02dB.wav,dress_gravel_neutral_0021.wav,dress,gravel,1,0,5,598.88,81.01771428571428,89.316,0.9070907148295297,17,44100,10.0,0.1073922902494331
dress_gravel_neutral_0010__H2H_598.88ms__PK_85.17dB.wav,dress_gravel_neutral_0010.wav,dress,gravel,0,0,6,598.88,85.16685714285714,89.316,0.9535453574147649,17,44100,10.0,5.079365079365079
dress_gravel_neutral_0021__H2H_598.88ms__PK_89.32dB.wav,dress_gravel_neutral_0021.wav,dress,gravel,1,0,7,598.88,89.316,89.316,1.0,17,44100,10.0,0.1073922902494331
dress_gravel_neutral_0021__H2H_686.47ms__PK_60.27dB.wav,dress_gravel_neutral_0021.wav,dress,gravel,1,1,0,686.4685714285714,60.272,89.316,0.6748175019033543,15,44100,10.0,0.1073922902494331
dress_gravel_neutral_0010__H2H_686.47ms__PK_64.42dB.wav,dress_gravel_neutral_0010.wav,dress,gravel,0,1,1,686.4685714285714,64.42114285714285,89.316,0.7212721444885895,15,44100,10.0,5.079365079365079
dress_gravel_neutral_0021__H2H_686.47ms__PK_68.57dB.wav,dress_gravel_neutral_0021.wav,dress,gravel,1,1,2,686.4685714285714,68.57028571428572,89.316,0.7677267870738246,15,44100,10.0,0.1073922902494331
dress_gravel_neutral_0010__H2H_686.47ms__PK_72.72dB.wav,dress_gravel_neutral_0010.wav,dress,gravel,0,1,3,686.4685714285714,72.71942857142857,89.316,0.8141814296590596,15,44100,10.0,5.079365079365079
dress_gravel_neutral_0021__H2H_686.47ms__PK_76.87dB.wav,dress_gravel_neutral_0021.wav,dress,gravel,1,1,4,686.4685714285714,76.86857142857143,89.316,0.8606360722442947,15,44100,10.0,0.1073922902494331
dress_gravel_neutral_0010__H2H_686.47ms__PK_81.02dB.wav,dress_gravel_neutral_0010.wav,dress,gravel,0,1,5,686.4685714285714,81.01771428571428,89.316,0.9070907148295297,15,44100,10.0,5.079365079365079
dress_gravel_neutral_0021__H2H_686.47ms__PK_85.17dB.wav,dress_gravel_neutral_0021.wav,dress,gravel,1,1,6,686.4685714285714,85.16685714285714,89.316,0.9535453574147649,15,44100,10.0,0.1073922902494331
dress_gravel_neutral_0010__H2H_686.47ms__PK_89.32dB.wav,dress_gravel_neutral_0010.wav,dress,gravel,0,1,7,686.4685714285714,89.316,89.316,1.0,15,44100,10.0,5.079365079365079
dress_gravel_neutral_0010__H2H_774.06ms__PK_60.27dB.wav,dress_gravel_neutral_0010.wav,dress,gravel,0,2,0,774.0571428571428,60.272,89.316,0.6748175019033543,13,44100,10.0,5.079365079365079
dress_gravel_neutral_0021__H2H_774.06ms__PK_64.42dB.wav,dress_gravel_neutral_0021.wav,dress,gravel,1,2,1,774.0571428571428,64.42114285714285,89.316,0.7212721444885895,13,44100,10.0,0.1073922902494331
dress_gravel_neutral_0010__H2H_774.06ms__PK_68.57dB.wav,dress_gravel_neutral_0010.wav,dress,gravel,0,2,2,774.0571428571428,68.57028571428572,89.316,0.7677267870738246,13,44100,10.0,5.079365079365079
dress_gravel_neutral_0021__H2H_774.06ms__PK_72.72dB.wav,dress_gravel_neutral_0021.wav,dress,gravel,1,2,3,774.0571428571428,72.71942857142857,89.316,0.8141814296590596,13,44100,10.0,0.1073922902494331
dress_gravel_neutral_0010__H2H_774.06ms__PK_76.87dB.wav,dress_gravel_neutral_0010.wav,dress,gravel,0,2,4,774.0571428571428,76.86857142857143,89.316,0.8606360722442947,13,44100,10.0,5.079365079365079
dress_gravel_neutral_0021__H2H_774.06ms__PK_81.02dB.wav,dress_gravel_neutral_0021.wav,dress,gravel,1,2,5,774.0571428571428,81.01771428571428,89.316,0.9070907148295297,13,44100,10.0,0.1073922902494331
dress_gravel_neutral_0010__H2H_774.06ms__PK_85.17dB.wav,dress_gravel_neutral_0010.wav,dress,gravel,0,2,6,774.0571428571428,85.16685714285714,89.316,0.9535453574147649,13,44100,10.0,5.079365079365079
dress_gravel_neutral_0021__H2H_774.06ms__PK_89.32dB.wav,dress_gravel_neutral_0021.wav,dress,gravel,1,2,7,774.0571428571428,89.316,89.316,1.0,13,44100,10.0,0.1073922902494331
dress_gravel_neutral_0021__H2H_861.65ms__PK_60.27dB.wav,dress_gravel_neutral_0021.wav,dress,gravel,1,3,0,861.6457142857143,60.272,89.316,0.6748175019033543,12,44100,10.0,0.1073922902494331
dress_gravel_neutral_0010__H2H_861.65ms__PK_64.42dB.wav,dress_gravel_neutral_0010.wav,dress,gravel,0,3,1,861.6457142857143,64.42114285714285,89.316,0.7212721444885895,12,44100,10.0,5.079365079365079
dress_gravel_neutral_0021__H2H_861.65ms__PK_68.57dB.wav,dress_gravel_neutral_0021.wav,dress,gravel,1,3,2,861.6457142857143,68.57028571428572,89.316,0.7677267870738246,12,44100,10.0,0.1073922902494331
dress_gravel_neutral_0010__H2H_861.65ms__PK_72.72dB.wav,dress_gravel_neutral_0010.wav,dress,gravel,0,3,3,861.6457142857143,72.71942857142857,89.316,0.8141814296590596,12,44100,10.0,5.079365079365079
dress_gravel_neutral_0021__H2H_861.65ms__PK_76.87dB.wav,dress_gravel_neutral_0021.wav,dress,gravel,1,3,4,861.6457142857143,76.86857142857143,89.316,0.8606360722442947,12,44100,10.0,0.1073922902494331
dress_gravel_neutral_0010__H2H_861.65ms__PK_81.02dB.wav,dress_gravel_neutral_0010.wav,dress,gravel,0,3,5,861.6457142857143,81.01771428571428,89.316,0.9070907148295297,12,44100,10.0,5.079365079365079
dress_gravel_neutral_0021__H2H_861.65ms__PK_85.17dB.wav,dress_gravel_neutral_0021.wav,dress,gravel,1,3,6,861.6457142857143,85.16685714285714,89.316,0.9535453574147649,12,44100,10.0,0.1073922902494331
dress_gravel_neutral_0010__H2H_861.65ms__PK_89.32dB.wav,dress_gravel_neutral_0010.wav,dress,gravel,0,3,7,861.6457142857143,89.316,89.316,1.0,12,44100,10.0,5.079365079365079
dress_gravel_neutral_0010__H2H_949.23ms__PK_60.27dB.wav,dress_gravel_neutral_0010.wav,dress,gravel,0,4,0,949.2342857142858,60.272,89.316,0.6748175019033543,11,44100,10.0,5.079365079365079
dress_gravel_neutral_0021__H2H_949.23ms__PK_64.42dB.wav,dress_gravel_neutral_0021.wav,dress,gravel,1,4,1,949.2342857142858,64.42114285714285,89.316,0.7212721444885895,11,44100,10.0,0.1073922902494331
dress_gravel_neutral_0010__H2H_949.23ms__PK_68.57dB.wav,dress_gravel_neutral_0010.wav,dress,gravel,0,4,2,949.2342857142858,68.57028571428572,89.316,0.7677267870738246,11,44100,10.0,5.079365079365079
dress_gravel_neutral_0021__H2H_949.23ms__PK_72.72dB.wav,dress_gravel_neutral_0021.wav,dress,gravel,1,4,3,949.2342857142858,72.71942857142857,89.316,0.8141814296590596,11,44100,10.0,0.1073922902494331
dress_gravel_neutral_0010__H2H_949.23ms__PK_76.87dB.wav,dress_gravel_neutral_0010.wav,dress,gravel,0,4,4,949.2342857142858,76.86857142857143,89.316,0.8606360722442947,11,44100,10.0,5.079365079365079
dress_gravel_neutral_0021__H2H_949.23ms__PK_81.02dB.wav,dress_gravel_neutral_0021.wav,dress,gravel,1,4,5,949.2342857142858,81.01771428571428,89.316,0.9070907148295297,11,44100,10.0,0.1073922902494331
dress_gravel_neutral_0010__H2H_949.23ms__PK_85.17dB.wav,dress_gravel_neutral_0010.wav,dress,gravel,0,4,6,949.2342857142858,85.16685714285714,89.316,0.9535453574147649,11,44100,10.0,5.079365079365079
dress_gravel_neutral_0021__H2H_949.23ms__PK_89.32dB.wav,dress_gravel_neutral_0021.wav,dress,gravel,1,4,7,949.2342857142858,89.316,89.316,1.0,11,44100,10.0,0.1073922902494331
dress_gravel_neutral_0021__H2H_1036.82ms__PK_60.27dB.wav,dress_gravel_neutral_0021.wav,dress,gravel,1,5,0,1036.8228571428572,60.272,89.316,0.6748175019033543,10,44100,10.0,0.1073922902494331
dress_gravel_neutral_0010__H2H_1036.82ms__PK_64.42dB.wav,dress_gravel_neutral_0010.wav,dress,gravel,0,5,1,1036.8228571428572,64.42114285714285,89.316,0.7212721444885895,10,44100,10.0,5.079365079365079
dress_gravel_neutral_0021__H2H_1036.82ms__PK_68.57dB.wav,dress_gravel_neutral_0021.wav,dress,gravel,1,5,2,1036.8228571428572,68.57028571428572,89.316,0.7677267870738246,10,44100,10.0,0.1073922902494331
dress_gravel_neutral_0010__H2H_1036.82ms__PK_72.72dB.wav,dress_gravel_neutral_0010.wav,dress,gravel,0,5,3,1036.8228571428572,72.71942857142857,89.316,0.8141814296590596,10,44100,10.0,5.079365079365079
dress_gravel_neutral_0021__H2H_1036.82ms__PK_76.87dB.wav,dress_gravel_neutral_0021.wav,dress,gravel,1,5,4,1036.8228571428572,76.86857142857143,89.316,0.8606360722442947,10,44100,10.0,0.1073922902494331
dress_gravel_neutral_0010__H2H_1036.82ms__PK_81.02dB.wav,dress_gravel_neutral_0010.wav,dress,gravel,0,5,5,1036.8228571428572,81.01771428571428,89.316,0.9070907148295297,10,44100,10.0,5.079365079365079
dress_gravel_neutral_0021__H2H_1036.82ms__PK_85.17dB.wav,dress_gravel_neutral_0021.wav,dress,gravel,1,5,6,1036.8228571428572,85.16685714285714,89.316,0.9535453574147649,10,44100,10.0,0.1073922902494331
dress_gravel_neutral_0010__H2H_1036.82ms__PK_89.32dB.wav,dress_gravel_neutral_0010.wav,dress,gravel,0,5,7,1036.8228571428572,89.316,89.316,1.0,10,44100,10.0,5.079365079365079
dress_gravel_neutral_0010__H2H_1124.41ms__PK_60.27dB.wav,dress_gravel_neutral_0010.wav,dress,gravel,0,6,0,1124.4114285714286,60.272,89.316,0.6748175019033543,9,44100,10.0,5.079365079365079
dress_gravel_neutral_0021__H2H_1124.41ms__PK_64.42dB.wav,dress_gravel_neutral_0021.wav,dress,gravel,1,6,1,1124.4114285714286,64.42114285714285,89.316,0.7212721444885895,9,44100,10.0,0.1073922902494331
dress_gravel_neutral_0010__H2H_1124.41ms__PK_68.57dB.wav,dress_gravel_neutral_0010.wav,dress,gravel,0,6,2,1124.4114285714286,68.57028571428572,89.316,0.7677267870738246,9,44100,10.0,5.079365079365079
dress_gravel_neutral_0021__H2H_1124.41ms__PK_72.72dB.wav,dress_gravel_neutral_0021.wav,dress,gravel,1,6,3,1124.4114285714286,72.71942857142857,89.316,0.8141814296590596,9,44100,10.0,0.1073922902494331
dress_gravel_neutral_0010__H2H_1124.41ms__PK_76.87dB.wav,dress_gravel_neutral_0010.wav,dress,gravel,0,6,4,1124.4114285714286,76.86857142857143,89.316,0.8606360722442947,9,44100,10.0,5.079365079365079
dress_gravel_neutral_0021__H2H_1124.41ms__PK_81.02dB.wav,dress_gravel_neutral_0021.wav,dress,gravel,1,6,5,1124.4114285714286,81.01771428571428,89.316,0.9070907148295297,9,44100,10.0,0.1073922902494331
dress_gravel_neutral_0010__H2H_1124.41ms__PK_85.17dB.wav,dress_gravel_neutral_0010.wav,dress,gravel,0,6,6,1124.4114285714286,85.16685714285714,89.316,0.9535453574147649,9,44100,10.0,5.079365079365079
dress_gravel_neutral_0021__H2H_1124.41ms__PK_89.32dB.wav,dress_gravel_neutral_0021.wav,dress,gravel,1,6,7,1124.4114285714286,89.316,89.316,1.0,9,44100,10.0,0.1073922902494331
dress_gravel_neutral_0021__H2H_1212.00ms__PK_60.27dB.wav,dress_gravel_neutral_0021.wav,dress,gravel,1,7,0,1212.0,60.272,89.316,0.6748175019033543,9,44100,10.0,0.1073922902494331
dress_gravel_neutral_0010__H2H_1212.00ms__PK_64.42dB.wav,dress_gravel_neutral_0010.wav,dress,gravel,0,7,1,1212.0,64.42114285714285,89.316,0.7212721444885895,9,44100,10.0,5.079365079365079
dress_gravel_neutral_0021__H2H_1212.00ms__PK_68.57dB.wav,dress_gravel_neutral_0021.wav,dress,gravel,1,7,2,1212.0,68.57028571428572,89.316,0.7677267870738246,9,44100,10.0,0.1073922902494331
dress_gravel_neutral_0010__H2H_1212.00ms__PK_72.72dB.wav,dress_gravel_neutral_0010.wav,dress,gravel,0,7,3,1212.0,72.71942857142857,89.316,0.8141814296590596,9,44100,10.0,5.079365079365079
dress_gravel_neutral_0021__H2H_1212.00ms__PK_76.87dB.wav,dress_gravel_neutral_0021.wav,dress,gravel,1,7,4,1212.0,76.86857142857143,89.316,0.8606360722442947,9,44100,10.0,0.1073922902494331
dress_gravel_neutral_0010__H2H_1212.00ms__PK_81.02dB.wav,dress_gravel_neutral_0010.wav,dress,gravel,0,7,5,1212.0,81.01771428571428,89.316,0.9070907148295297,9,44100,10.0,5.079365079365079
dress_gravel_neutral_0021__H2H_1212.00ms__PK_85.17dB.wav,dress_gravel_neutral_0021.wav,dress,gravel,1,7,6,1212.0,85.16685714285714,89.316,0.9535453574147649,9,44100,10.0,0.1073922902494331
dress_gravel_neutral_0010__H2H_1212.00ms__PK_89.32dB.wav,dress_gravel_neutral_0010.wav,dress,gravel,0,7,7,1212.0,89.316,89.316,1.0,9,44100,10.0,5.079365079365079
dress_metal_neutral_0241__H2H_518.76ms__PK_56.17dB.wav,dress_metal_neutral_0241.wav,dress,metal,0,0,0,518.76,56.172,85.60799999999999,0.6561536305018223,20,44100,10.0,5.134512471655329
dress_metal_neutral_0245__H2H_518.76ms__PK_60.38dB.wav,dress_metal_neutral_0245.wav,dress,metal,1,0,1,518.76,60.37714285714286,85.60799999999999,0.7052745404301335,20,44100,10.0,2.2262131519274377
dress_metal_neutral_0241__H2H_518.76ms__PK_64.58dB.wav,dress_metal_neutral_0241.wav,dress,metal,0,0,2,518.76,64.58228571428572,85.60799999999999,0.7543954503584446,20,44100,10.0,5.134512471655329
dress_metal_neutral_0245__H2H_518.76ms__PK_68.79dB.wav,dress_metal_neutral_0245.wav,dress,metal,1,0,3,518.76,68.78742857142856,85.60799999999999,0.8035163602867555,20,44100,10.0,2.2262131519274377
dress_metal_neutral_0241__H2H_518.76ms__PK_72.99dB.wav,dress_metal_neutral_0241.wav,dress,metal,0,0,4,518.76,72.99257142857142,85.60799999999999,0.8526372702150667,20,44100,10.0,5.134512471655329
dress_metal_neutral_0245__H2H_518.76ms__PK_77.20dB.wav,dress_metal_neutral_0245.wav,dress,metal,1,0,5,518.76,77.19771428571428,85.60799999999999,0.9017581801433778,20,44100,10.0,2.2262131519274377
dress_metal_neutral_0241__H2H_518.76ms__PK_81.40dB.wav,dress_metal_neutral_0241.wav,dress,metal,0,0,6,518.76,81.40285714285713,85.60799999999999,0.9508790900716888,20,44100,10.0,5.134512471655329
dress_metal_neutral_0245__H2H_518.76ms__PK_85.61dB.wav,dress_metal_neutral_0245.wav,dress,metal,1,0,7,518.76,85.60799999999999,85.60799999999999,1.0,20,44100,10.0,2.2262131519274377
dress_metal_neutral_0245__H2H_621.82ms__PK_56.17dB.wav,dress_metal_neutral_0245.wav,dress,metal,1,1,0,621.8171428571428,56.172,85.60799999999999,0.6561536305018223,16,44100,10.0,2.2262131519274377
dress_metal_neutral_0241__H2H_621.82ms__PK_60.38dB.wav,dress_metal_neutral_0241.wav,dress,metal,0,1,1,621.8171428571428,60.37714285714286,85.60799999999999,0.7052745404301335,16,44100,10.0,5.134512471655329
dress_metal_neutral_0245__H2H_621.82ms__PK_64.58dB.wav,dress_metal_neutral_0245.wav,dress,metal,1,1,2,621.8171428571428,64.58228571428572,85.60799999999999,0.7543954503584446,16,44100,10.0,2.2262131519274377
dress_metal_neutral_0241__H2H_621.82ms__PK_68.79dB.wav,dress_metal_neutral_0241.wav,dress,metal,0,1,3,621.8171428571428,68.78742857142856,85.60799999999999,0.8035163602867555,16,44100,10.0,5.134512471655329
dress_metal_neutral_0245__H2H_621.82ms__PK_72.99dB.wav,dress_metal_neutral_0245.wav,dress,metal,1,1,4,621.8171428571428,72.99257142857142,85.60799999999999,0.8526372702150667,16,44100,10.0,2.2262131519274377
dress_metal_neutral_0241__H2H_621.82ms__PK_77.20dB.wav,dress_metal_neutral_0241.wav,dress,metal,0,1,5,621.8171428571428,77.19771428571428,85.60799999999999,0.9017581801433778,16,44100,10.0,5.134512471655329
dress_metal_neutral_0245__H2H_621.82ms__PK_81.40dB.wav,dress_metal_neutral_0245.wav,dress,metal,1,1,6,621.8171428571428,81.40285714285713,85.60799999999999,0.9508790900716888,16,44100,10.0,2.2262131519274377
dress_metal_neutral_0241__H2H_621.82ms__PK_85.61dB.wav,dress_metal_neutral_0241.wav,dress,metal,0,1,7,621.8171428571428,85.60799999999999,85.60799999999999,1.0,16,44100,10.0,5.134512471655329
dress_metal_neutral_0241__H2H_724.87ms__PK_56.17dB.wav,dress_metal_neutral_0241.wav,dress,metal,0,2,0,724.8742857142857,56.172,85.60799999999999,0.6561536305018223,14,44100,10.0,5.134512471655329
dress_metal_neutral_0245__H2H_724.87ms__PK_60.38dB.wav,dress_metal_neutral_0245.wav,dress,metal,1,2,1,724.8742857142857,60.37714285714286,85.60799999999999,0.7052745404301335,14,44100,10.0,2.2262131519274377
dress_metal_neutral_0241__H2H_724.87ms__PK_64.58dB.wav,dress_metal_neutral_0241.wav,dress,metal,0,2,2,724.8742857142857,64.58228571428572,85.60799999999999,0.7543954503584446,14,44100,10.0,5.134512471655329
dress_metal_neutral_0245__H2H_724.87ms__PK_68.79dB.wav,dress_metal_neutral_0245.wav,dress,metal,1,2,3,724.8742857142857,68.78742857142856,85.60799999999999,0.8035163602867555,14,44100,10.0,2.2262131519274377
dress_metal_neutral_0241__H2H_724.87ms__PK_72.99dB.wav,dress_metal_neutral_0241.wav,dress,metal,0,2,4,724.8742857142857,72.99257142857142,85.60799999999999,0.8526372702150667,14,44100,10.0,5.134512471655329
dress_metal_neutral_0245__H2H_724.87ms__PK_77.20dB.wav,dress_metal_neutral_0245.wav,dress,metal,1,2,5,724.8742857142857,77.19771428571428,85.60799999999999,0.9017581801433778,14,44100,10.0,2.2262131519274377
dress_metal_neutral_0241__H2H_724.87ms__PK_81.40dB.wav,dress_metal_neutral_0241.wav,dress,metal,0,2,6,724.8742857142857,81.40285714285713,85.60799999999999,0.9508790900716888,14,44100,10.0,5.134512471655329
dress_metal_neutral_0245__H2H_724.87ms__PK_85.61dB.wav,dress_metal_neutral_0245.wav,dress,metal,1,2,7,724.8742857142857,85.60799999999999,85.60799999999999,1.0,14,44100,10.0,2.2262131519274377
dress_metal_neutral_0245__H2H_827.93ms__PK_56.17dB.wav,dress_metal_neutral_0245.wav,dress,metal,1,3,0,827.9314285714286,56.172,85.60799999999999,0.6561536305018223,12,44100,10.0,2.2262131519274377
dress_metal_neutral_0241__H2H_827.93ms__PK_60.38dB.wav,dress_metal_neutral_0241.wav,dress,metal,0,3,1,827.9314285714286,60.37714285714286,85.60799999999999,0.7052745404301335,12,44100,10.0,5.134512471655329
dress_metal_neutral_0245__H2H_827.93ms__PK_64.58dB.wav,dress_metal_neutral_0245.wav,dress,metal,1,3,2,827.9314285714286,64.58228571428572,85.60799999999999,0.7543954503584446,12,44100,10.0,2.2262131519274377
dress_metal_neutral_0241__H2H_827.93ms__PK_68.79dB.wav,dress_metal_neutral_0241.wav,dress,metal,0,3,3,827.9314285714286,68.78742857142856,85.60799999999999,0.8035163602867555,12,44100,10.0,5.134512471655329
dress_metal_neutral_0245__H2H_827.93ms__PK_72.99dB.wav,dress_metal_neutral_0245.wav,dress,metal,1,3,4,827.9314285714286,72.99257142857142,85.60799999999999,0.8526372702150667,12,44100,10.0,2.2262131519274377
dress_metal_neutral_0241__H2H_827.93ms__PK_77.20dB.wav,dress_metal_neutral_0241.wav,dress,metal,0,3,5,827.9314285714286,77.19771428571428,85.60799999999999,0.9017581801433778,12,44100,10.0,5.134512471655329
dress_metal_neutral_0245__H2H_827.93ms__PK_81.40dB.wav,dress_metal_neutral_0245.wav,dress,metal,1,3,6,827.9314285714286,81.40285714285713,85.60799999999999,0.9508790900716888,12,44100,10.0,2.2262131519274377
dress_metal_neutral_0241__H2H_827.93ms__PK_85.61dB.wav,dress_metal_neutral_0241.wav,dress,metal,0,3,7,827.9314285714286,85.60799999999999,85.60799999999999,1.0,12,44100,10.0,5.134512471655329
dress_metal_neutral_0241__H2H_930.99ms__PK_56.17dB.wav,dress_metal_neutral_0241.wav,dress,metal,0,4,0,930.9885714285716,56.172,85.60799999999999,0.6561536305018223,11,44100,10.0,5.134512471655329
dress_metal_neutral_0245__H2H_930.99ms__PK_60.38dB.wav,dress_metal_neutral_0245.wav,dress,metal,1,4,1,930.9885714285716,60.37714285714286,85.60799999999999,0.7052745404301335,11,44100,10.0,2.2262131519274377
dress_metal_neutral_0241__H2H_930.99ms__PK_64.58dB.wav,dress_metal_neutral_0241.wav,dress,metal,0,4,2,930.9885714285716,64.58228571428572,85.60799999999999,0.7543954503584446,11,44100,10.0,5.134512471655329
dress_metal_neutral_0245__H2H_930.99ms__PK_68.79dB.wav,dress_metal_neutral_0245.wav,dress,metal,1,4,3,930.9885714285716,68.78742857142856,85.60799999999999,0.8035163602867555,11,44100,10.0,2.2262131519274377
dress_metal_neutral_0241__H2H_930.99ms__PK_72.99dB.wav,dress_metal_neutral_0241.wav,dress,metal,0,4,4,930.9885714285716,72.99257142857142,85.60799999999999,0.8526372702150667,11,44100,10.0,5.134512471655329
dress_metal_neutral_0245__H2H_930.99ms__PK_77.20dB.wav,dress_metal_neutral_0245.wav,dress,metal,1,4,5,930.9885714285716,77.19771428571428,85.60799999999999,0.9017581801433778,11,44100,10.0,2.2262131519274377
dress_metal_neutral_0241__H2H_930.99ms__PK_81.40dB.wav,dress_metal_neutral_0241.wav,dress,metal,0,4,6,930.9885714285716,81.40285714285713,85.60799999999999,0.9508790900716888,11,44100,10.0,5.134512471655329
dress_metal_neutral_0245__H2H_930.99ms__PK_85.61dB.wav,dress_metal_neutral_0245.wav,dress,metal,1,4,7,930.9885714285716,85.60799999999999,85.60799999999999,1.0,11,44100,10.0,2.2262131519274377
dress_metal_neutral_0245__H2H_1034.05ms__PK_56.17dB.wav,dress_metal_neutral_0245.wav,dress,metal,1,5,0,1034.0457142857144,56.172,85.60799999999999,0.6561536305018223,10,44100,10.0,2.2262131519274377
dress_metal_neutral_0241__H2H_1034.05ms__PK_60.38dB.wav,dress_metal_neutral_0241.wav,dress,metal,0,5,1,1034.0457142857144,60.37714285714286,85.60799999999999,0.7052745404301335,10,44100,10.0,5.134512471655329
dress_metal_neutral_0245__H2H_1034.05ms__PK_64.58dB.wav,dress_metal_neutral_0245.wav,dress,metal,1,5,2,1034.0457142857144,64.58228571428572,85.60799999999999,0.7543954503584446,10,44100,10.0,2.2262131519274377
dress_metal_neutral_0241__H2H_1034.05ms__PK_68.79dB.wav,dress_metal_neutral_0241.wav,dress,metal,0,5,3,1034.0457142857144,68.78742857142856,85.60799999999999,0.8035163602867555,10,44100,10.0,5.134512471655329
dress_metal_neutral_0245__H2H_1034.05ms__PK_72.99dB.wav,dress_metal_neutral_0245.wav,dress,metal,1,5,4,1034.0457142857144,72.99257142857142,85.60799999999999,0.8526372702150667,10,44100,10.0,2.2262131519274377
dress_metal_neutral_0241__H2H_1034.05ms__PK_77.20dB.wav,dress_metal_neutral_0241.wav,dress,metal,0,5,5,1034.0457142857144,77.19771428571428,85.60799999999999,0.9017581801433778,10,44100,10.0,5.134512471655329
dress_metal_neutral_0245__H2H_1034.05ms__PK_81.40dB.wav,dress_metal_neutral_0245.wav,dress,metal,1,5,6,1034.0457142857144,81.40285714285713,85.60799999999999,0.9508790900716888,10,44100,10.0,2.2262131519274377
dress_metal_neutral_0241__H2H_1034.05ms__PK_85.61dB.wav,dress_metal_neutral_0241.wav,dress,metal,0,5,7,1034.0457142857144,85.60799999999999,85.60799999999999,1.0,10,44100,10.0,5.134512471655329
dress_metal_neutral_0241__H2H_1137.10ms__PK_56.17dB.wav,dress_metal_neutral_0241.wav,dress,metal,0,6,0,1137.1028571428571,56.172,85.60799999999999,0.6561536305018223,9,44100,10.0,5.134512471655329
dress_metal_neutral_0245__H2H_1137.10ms__PK_60.38dB.wav,dress_metal_neutral_0245.wav,dress,metal,1,6,1,1137.1028571428571,60.37714285714286,85.60799999999999,0.7052745404301335,9,44100,10.0,2.2262131519274377
dress_metal_neutral_0241__H2H_1137.10ms__PK_64.58dB.wav,dress_metal_neutral_0241.wav,dress,metal,0,6,2,1137.1028571428571,64.58228571428572,85.60799999999999,0.7543954503584446,9,44100,10.0,5.134512471655329
dress_metal_neutral_0245__H2H_1137.10ms__PK_68.79dB.wav,dress_metal_neutral_0245.wav,dress,metal,1,6,3,1137.1028571428571,68.78742857142856,85.60799999999999,0.8035163602867555,9,44100,10.0,2.2262131519274377
dress_metal_neutral_0241__H2H_1137.10ms__PK_72.99dB.wav,dress_metal_neutral_0241.wav,dress,metal,0,6,4,1137.1028571428571,72.99257142857142,85.60799999999999,0.8526372702150667,9,44100,10.0,5.134512471655329
dress_metal_neutral_0245__H2H_1137.10ms__PK_77.20dB.wav,dress_metal_neutral_0245.wav,dress,metal,1,6,5,1137.1028571428571,77.19771428571428,85.60799999999999,0.9017581801433778,9,44100,10.0,2.2262131519274377
dress_metal_neutral_0241__H2H_1137.10ms__PK_81.40dB.wav,dress_metal_neutral_0241.wav,dress,metal,0,6,6,1137.1028571428571,81.40285714285713,85.60799999999999,0.9508790900716888,9,44100,10.0,5.134512471655329
dress_metal_neutral_0245__H2H_1137.10ms__PK_85.61dB.wav,dress_metal_neutral_0245.wav,dress,metal,1,6,7,1137.1028571428571,85.60799999999999,85.60799999999999,1.0,9,44100,10.0,2.2262131519274377
dress_metal_neutral_0245__H2H_1240.16ms__PK_56.17dB.wav,dress_metal_neutral_0245.wav,dress,metal,1,7,0,1240.16,56.172,85.60799999999999,0.6561536305018223,8,44100,10.0,2.2262131519274377
dress_metal_neutral_0241__H2H_1240.16ms__PK_60.38dB.wav,dress_metal_neutral_0241.wav,dress,metal,0,7,1,1240.16,60.37714285714286,85.60799999999999,0.7052745404301335,8,44100,10.0,5.134512471655329
dress_metal_neutral_0245__H2H_1240.16ms__PK_64.58dB.wav,dress_metal_neutral_0245.wav,dress,metal,1,7,2,1240.16,64.58228571428572,85.60799999999999,0.7543954503584446,8,44100,10.0,2.2262131519274377
dress_metal_neutral_0241__H2H_1240.16ms__PK_68.79dB.wav,dress_metal_neutral_0241.wav,dress,metal,0,7,3,1240.16,68.78742857142856,85.60799999999999,0.8035163602867555,8,44100,10.0,5.134512471655329
dress_metal_neutral_0245__H2H_1240.16ms__PK_72.99dB.wav,dress_metal_neutral_0245.wav,dress,metal,1,7,4,1240.16,72.99257142857142,85.60799999999999,0.8526372702150667,8,44100,10.0,2.2262131519274377
dress_metal_neutral_0241__H2H_1240.16ms__PK_77.20dB.wav,dress_metal_neutral_0241.wav,dress,metal,0,7,5,1240.16,77.19771428571428,85.60799999999999,0.9017581801433778,8,44100,10.0,5.134512471655329
dress_metal_neutral_0245__H2H_1240.16ms__PK_81.40dB.wav,dress_metal_neutral_0245.wav,dress,metal,1,7,6,1240.16,81.40285714285713,85.60799999999999,0.9508790900716888,8,44100,10.0,2.2262131519274377
dress_metal_neutral_0241__H2H_1240.16ms__PK_85.61dB.wav,dress_metal_neutral_0241.wav,dress,metal,0,7,7,1240.16,85.60799999999999,85.60799999999999,1.0,8,44100,10.0,5.134512471655329
dress_wood_neutral_0071__H2H_492.32ms__PK_61.37dB.wav,dress_wood_neutral_0071.wav,dress,wood,0,0,0,492.32,61.368,91.808,0.668438480306727,21,44100,10.0,5.7759637188208615
dress_wood_neutral_0079__H2H_492.32ms__PK_65.72dB.wav,dress_wood_neutral_0079.wav,dress,wood,1,0,1,492.32,65.71657142857143,91.808,0.7158044116914802,21,44100,10.0,6.655419501133787
dress_wood_neutral_0071__H2H_492.32ms__PK_70.07dB.wav,dress_wood_neutral_0071.wav,dress,wood,0,0,2,492.32,70.06514285714286,91.808,0.7631703430762335,21,44100,10.0,5.7759637188208615
dress_wood_neutral_0079__H2H_492.32ms__PK_74.41dB.wav,dress_wood_neutral_0079.wav,dress,wood,1,0,3,492.32,74.41371428571428,91.808,0.8105362744609867,21,44100,10.0,6.655419501133787
dress_wood_neutral_0071__H2H_492.32ms__PK_78.76dB.wav,dress_wood_neutral_0071.wav,dress,wood,0,0,4,492.32,78.76228571428571,91.808,0.8579022058457401,21,44100,10.0,5.7759637188208615
dress_wood_neutral_0079__H2H_492.32ms__PK_83.11dB.wav,dress_wood_neutral_0079.wav,dress,wood,1,0,5,492.32,83.11085714285713,91.808,0.9052681372304933,21,44100,10.0,6.655419501133787
dress_wood_neutral_0071__H2H_492.32ms__PK_87.46dB.wav,dress_wood_neutral_0071.wav,dress,wood,0,0,6,492.32,87.45942857142856,91.808,0.9526340686152466,21,44100,10.0,5.7759637188208615
dress_wood_neutral_0079__H2H_492.32ms__PK_91.81dB.wav,dress_wood_neutral_0079.wav,dress,wood,1,0,7,492.32,91.808,91.808,1.0,21,44100,10.0,6.655419501133787
dress_wood_neutral_0079__H2H_598.04ms__PK_61.37dB.wav,dress_wood_neutral_0079.wav,dress,wood,1,1,0,598.04,61.368,91.808,0.668438480306727,17,44100,10.0,6.655419501133787
dress_wood_neutral_0071__H2H_598.04ms__PK_65.72dB.wav,dress_wood_neutral_0071.wav,dress,wood,0,1,1,598.04,65.71657142857143,91.808,0.7158044116914802,17,44100,10.0,5.7759637188208615
dress_wood_neutral_0079__H2H_598.04ms__PK_70.07dB.wav,dress_wood_neutral_0079.wav,dress,wood,1,1,2,598.04,70.06514285714286,91.808,0.7631703430762335,17,44100,10.0,6.655419501133787
dress_wood_neutral_0071__H2H_598.04ms__PK_74.41dB.wav,dress_wood_neutral_0071.wav,dress,wood,0,1,3,598.04,74.41371428571428,91.808,0.8105362744609867,17,44100,10.0,5.7759637188208615
dress_wood_neutral_0079__H2H_598.04ms__PK_78.76dB.wav,dress_wood_neutral_0079.wav,dress,wood,1,1,4,598.04,78.76228571428571,91.808,0.8579022058457401,17,44100,10.0,6.655419501133787
dress_wood_neutral_0071__H2H_598.04ms__PK_83.11dB.wav,dress_wood_neutral_0071.wav,dress,wood,0,1,5,598.04,83.11085714285713,91.808,0.9052681372304933,17,44100,10.0,5.7759637188208615
dress_wood_neutral_0079__H2H_598.04ms__PK_87.46dB.wav,dress_wood_neutral_0079.wav,dress,wood,1,1,6,598.04,87.45942857142856,91.808,0.9526340686152466,17,44100,10.0,6.655419501133787
dress_wood_neutral_0071__H2H_598.04ms__PK_91.81dB.wav,dress_wood_neutral_0071.wav,dress,wood,0,1,7,598.04,91.808,91.808,1.0,17,44100,10.0,5.7759637188208615
dress_wood_neutral_0071__H2H_703.76ms__PK_61.37dB.wav,dress_wood_neutral_0071.wav,dress,wood,0,2,0,703.76,61.368,91.808,0.668438480306727,15,44100,10.0,5.7759637188208615
dress_wood_neutral_0079__H2H_703.76ms__PK_65.72dB.wav,dress_wood_neutral_0079.wav,dress,wood,1,2,1,703.76,65.71657142857143,91.808,0.7158044116914802,15,44100,10.0,6.655419501133787
dress_wood_neutral_0071__H2H_703.76ms__PK_70.07dB.wav,dress_wood_neutral_0071.wav,dress,wood,0,2,2,703.76,70.06514285714286,91.808,0.7631703430762335,15,44100,10.0,5.7759637188208615
dress_wood_neutral_0079__H2H_703.76ms__PK_74.41dB.wav,dress_wood_neutral_0079.wav,dress,wood,1,2,3,703.76,74.41371428571428,91.808,0.8105362744609867,15,44100,10.0,6.655419501133787
dress_wood_neutral_0071__H2H_703.76ms__PK_78.76dB.wav,dress_wood_neutral_0071.wav,dress,wood,0,2,4,703.76,78.76228571428571,91.808,0.8579022058457401,15,44100,10.0,5.7759637188208615
dress_wood_neutral_0079__H2H_703.76ms__PK_83.11dB.wav,dress_wood_neutral_0079.wav,dress,wood,1,2,5,703.76,83.11085714285713,91.808,0.9052681372304933,15,44100,10.0,6.655419501133787
dress_wood_neutral_0071__H2H_703.76ms__PK_87.46dB.wav,dress_wood_neutral_0071.wav,dress,wood,0,2,6,703.76,87.45942857142856,91.808,0.9526340686152466,15,44100,10.0,5.7759637188208615
dress_wood_neutral_0079__H2H_703.76ms__PK_91.81dB.wav,dress_wood_neutral_0079.wav,dress,wood,1,2,7,703.76,91.808,91.808,1.0,15,44100,10.0,6.655419501133787
dress_wood_neutral_0079__H2H_809.48ms__PK_61.37dB.wav,dress_wood_neutral_0079.wav,dress,wood,1,3,0,809.48,61.368,91.808,0.668438480306727,13,44100,10.0,6.655419501133787
dress_wood_neutral_0071__H2H_809.48ms__PK_65.72dB.wav,dress_wood_neutral_0071.wav,dress,wood,0,3,1,809.48,65.71657142857143,91.808,0.7158044116914802,13,44100,10.0,5.7759637188208615
dress_wood_neutral_0079__H2H_809.48ms__PK_70.07dB.wav,dress_wood_neutral_0079.wav,dress,wood,1,3,2,809.48,70.06514285714286,91.808,0.7631703430762335,13,44100,10.0,6.655419501133787
dress_wood_neutral_0071__H2H_809.48ms__PK_74.41dB.wav,dress_wood_neutral_0071.wav,dress,wood,0,3,3,809.48,74.41371428571428,91.808,0.8105362744609867,13,44100,10.0,5.7759637188208615
dress_wood_neutral_0079__H2H_809.48ms__PK_78.76dB.wav,dress_wood_neutral_0079.wav,dress,wood,1,3,4,809.48,78.76228571428571,91.808,0.8579022058457401,13,44100,10.0,6.655419501133787
dress_wood_neutral_0071__H2H_809.48ms__PK_83.11dB.wav,dress_wood_neutral_0071.wav,dress,wood,0,3,5,809.48,83.11085714285713,91.808,0.9052681372304933,13,44100,10.0,5.7759637188208615
dress_wood_neutral_0079__H2H_809.48ms__PK_87.46dB.wav,dress_wood_neutral_0079.wav,dress,wood,1,3,6,809.48,87.45942857142856,91.808,0.9526340686152466,13,44100,10.0,6.655419501133787
dress_wood_neutral_0071__H2H_809.48ms__PK_91.81dB.wav,dress_wood_neutral_0071.wav,dress,wood,0,3,7,809.48,91.808,91.808,1.0,13,44100,10.0,5.7759637188208615
dress_wood_neutral_0071__H2H_915.20ms__PK_61.37dB.wav,dress_wood_neutral_0071.wav,dress,wood,0,4,0,915.2,61.368,91.808,0.668438480306727,11,44100,10.0,5.7759637188208615
dress_wood_neutral_0079__H2H_915.20ms__PK_65.72dB.wav,dress_wood_neutral_0079.wav,dress,wood,1,4,1,915.2,65.71657142857143,91.808,0.7158044116914802,11,44100,10.0,6.655419501133787
dress_wood_neutral_0071__H2H_915.20ms__PK_70.07dB.wav,dress_wood_neutral_0071.wav,dress,wood,0,4,2,915.2,70.06514285714286,91.808,0.7631703430762335,11,44100,10.0,5.7759637188208615
dress_wood_neutral_0079__H2H_915.20ms__PK_74.41dB.wav,dress_wood_neutral_0079.wav,dress,wood,1,4,3,915.2,74.41371428571428,91.808,0.8105362744609867,11,44100,10.0,6.655419501133787
dress_wood_neutral_0071__H2H_915.20ms__PK_78.76dB.wav,dress_wood_neutral_0071.wav,dress,wood,0,4,4,915.2,78.76228571428571,91.808,0.8579022058457401,11,44100,10.0,5.7759637188208615
dress_wood_neutral_0079__H2H_915.20ms__PK_83.11dB.wav,dress_wood_neutral_0079.wav,dress,wood,1,4,5,915.2,83.11085714285713,91.808,0.9052681372304933,11,44100,10.0,6.655419501133787
dress_wood_neutral_0071__H2H_915.20ms__PK_87.46dB.wav,dress_wood_neutral_0071.wav,dress,wood,0,4,6,915.2,87.45942857142856,91.808,0.9526340686152466,11,44100,10.0,5.7759637188208615
dress_wood_neutral_0079__H2H_915.20ms__PK_91.81dB.wav,dress_wood_neutral_0079.wav,dress,wood,1,4,7,915.2,91.808,91.808,1.0,11,44100,10.0,6.655419501133787
dress_wood_neutral_0079__H2H_1020.92ms__PK_61.37dB.wav,dress_wood_neutral_0079.wav,dress,wood,1,5,0,1020.92,61.368,91.808,0.668438480306727,10,44100,10.0,6.655419501133787
dress_wood_neutral_0071__H2H_1020.92ms__PK_65.72dB.wav,dress_wood_neutral_0071.wav,dress,wood,0,5,1,1020.92,65.71657142857143,91.808,0.7158044116914802,10,44100,10.0,5.7759637188208615
dress_wood_neutral_0079__H2H_1020.92ms__PK_70.07dB.wav,dress_wood_neutral_0079.wav,dress,wood,1,5,2,1020.92,70.06514285714286,91.808,0.7631703430762335,10,44100,10.0,6.655419501133787
dress_wood_neutral_0071__H2H_1020.92ms__PK_74.41dB.wav,dress_wood_neutral_0071.wav,dress,wood,0,5,3,1020.92,74.41371428571428,91.808,0.8105362744609867,10,44100,10.0,5.7759637188208615
dress_wood_neutral_0079__H2H_1020.92ms__PK_78.76dB.wav,dress_wood_neutral_0079.wav,dress,wood,1,5,4,1020.92,78.76228571428571,91.808,0.8579022058457401,10,44100,10.0,6.655419501133787
dress_wood_neutral_0071__H2H_1020.92ms__PK_83.11dB.wav,dress_wood_neutral_0071.wav,dress,wood,0,5,5,1020.92,83.11085714285713,91.808,0.9052681372304933,10,44100,10.0,5.7759637188208615
dress_wood_neutral_0079__H2H_1020.92ms__PK_87.46dB.wav,dress_wood_neutral_0079.wav,dress,wood,1,5,6,1020.92,87.45942857142856,91.808,0.9526340686152466,10,44100,10.0,6.655419501133787
dress_wood_neutral_0071__H2H_1020.92ms__PK_91.81dB.wav,dress_wood_neutral_0071.wav,dress,wood,0,5,7,1020.92,91.808,91.808,1.0,10,44100,10.0,5.7759637188208615
dress_wood_neutral_0071__H2H_1126.64ms__PK_61.37dB.wav,dress_wood_neutral_0071.wav,dress,wood,0,6,0,1126.64,61.368,91.808,0.668438480306727,9,44100,10.0,5.7759637188208615
dress_wood_neutral_0079__H2H_1126.64ms__PK_65.72dB.wav,dress_wood_neutral_0079.wav,dress,wood,1,6,1,1126.64,65.71657142857143,91.808,0.7158044116914802,9,44100,10.0,6.655419501133787
dress_wood_neutral_0071__H2H_1126.64ms__PK_70.07dB.wav,dress_wood_neutral_0071.wav,dress,wood,0,6,2,1126.64,70.06514285714286,91.808,0.7631703430762335,9,44100,10.0,5.7759637188208615
dress_wood_neutral_0079__H2H_1126.64ms__PK_74.41dB.wav,dress_wood_neutral_0079.wav,dress,wood,1,6,3,1126.64,74.41371428571428,91.808,0.8105362744609867,9,44100,10.0,6.655419501133787
dress_wood_neutral_0071__H2H_1126.64ms__PK_78.76dB.wav,dress_wood_neutral_0071.wav,dress,wood,0,6,4,1126.64,78.76228571428571,91.808,0.8579022058457401,9,44100,10.0,5.7759637188208615
dress_wood_neutral_0079__H2H_1126.64ms__PK_83.11dB.wav,dress_wood_neutral_0079.wav,dress,wood,1,6,5,1126.64,83.11085714285713,91.808,0.9052681372304933,9,44100,10.0,6.655419501133787
dress_wood_neutral_0071__H2H_1126.64ms__PK_87.46dB.wav,dress_wood_neutral_0071.wav,dress,wood,0,6,6,1126.64,87.45942857142856,91.808,0.9526340686152466,9,44100,10.0,5.7759637188208615
dress_wood_neutral_0079__H2H_1126.64ms__PK_91.81dB.wav,dress_wood_neutral_0079.wav,dress,wood,1,6,7,1126.64,91.808,91.808,1.0,9,44100,10.0,6.655419501133787
dress_wood_neutral_0079__H2H_1232.36ms__PK_61.37dB.wav,dress_wood_neutral_0079.wav,dress,wood,1,7,0,1232.36,61.368,91.808,0.668438480306727,9,44100,10.0,6.655419501133787
dress_wood_neutral_0071__H2H_1232.36ms__PK_65.72dB.wav,dress_wood_neutral_0071.wav,dress,wood,0,7,1,1232.36,65.71657142857143,91.808,0.7158044116914802,9,44100,10.0,5.7759637188208615
dress_wood_neutral_0079__H2H_1232.36ms__PK_70.07dB.wav,dress_wood_neutral_0079.wav,dress,wood,1,7,2,1232.36,70.06514285714286,91.808,0.7631703430762335,9,44100,10.0,6.655419501133787
dress_wood_neutral_0071__H2H_1232.36ms__PK_74.41dB.wav,dress_wood_neutral_0071.wav,dress,wood,0,7,3,1232.36,74.41371428571428,91.808,0.8105362744609867,9,44100,10.0,5.7759637188208615
dress_wood_neutral_0079__H2H_1232.36ms__PK_78.76dB.wav,dress_wood_neutral_0079.wav,dress,wood,1,7,4,1232.36,78.76228571428571,91.808,0.8579022058457401,9,44100,10.0,6.655419501133787
dress_wood_neutral_0071__H2H_1232.36ms__PK_83.11dB.wav,dress_wood_neutral_0071.wav,dress,wood,0,7,5,1232.36,83.11085714285713,91.808,0.9052681372304933,9,44100,10.0,5.7759637188208615
dress_wood_neutral_0079__H2H_1232.36ms__PK_87.46dB.wav,dress_wood_neutral_0079.wav,dress,wood,1,7,6,1232.36,87.45942857142856,91.808,0.9526340686152466,9,44100,10.0,6.655419501133787
dress_wood_neutral_0071__H2H_1232.36ms__PK_91.81dB.wav,dress_wood_neutral_0071.wav,dress,wood,0,7,7,1232.36,91.808,91.808,1.0,9,44100,10.0,5.7759637188208615
sneakers_gravel_neutral_0018__H2H_528.48ms__PK_57.77dB.wav,sneakers_gravel_neutral_0018.wav,sneakers,gravel,0,0,0,528.48,57.772,85.316,0.6771531717380093,19,44100,10.0,9.209614512471655
sneakers_gravel_neutral_0031__H2H_528.48ms__PK_61.71dB.wav,sneakers_gravel_neutral_0031.wav,sneakers,gravel,1,0,1,528.48,61.70685714285714,85.316,0.7232741472040078,19,44100,10.0,9.375056689342404
sneakers_gravel_neutral_0018__H2H_528.48ms__PK_65.64dB.wav,sneakers_gravel_neutral_0018.wav,sneakers,gravel,0,0,2,528.48,65.64171428571429,85.316,0.7693951226700066,19,44100,10.0,9.209614512471655
sneakers_gravel_neutral_0031__H2H_528.48ms__PK_69.58dB.wav,sneakers_gravel_neutral_0031.wav,sneakers,gravel,1,0,3,528.48,69.57657142857143,85.316,0.8155160981360052,19,44100,10.0,9.375056689342404
sneakers_gravel_neutral_0018__H2H_528.48ms__PK_73.51dB.wav,sneakers_gravel_neutral_0018.wav,sneakers,gravel,0,0,4,528.48,73.51142857142857,85.316,0.8616370736020039,19,44100,10.0,9.209614512471655
sneakers_gravel_neutral_0031__H2H_528.48ms__PK_77.45dB.wav,sneakers_gravel_neutral_0031.wav,sneakers,gravel,1,0,5,528.48,77.44628571428572,85.316,0.9077580490680027,19,44100,10.0,9.375056689342404
sneakers_gravel_neutral_0018__H2H_528.48ms__PK_81.38dB.wav,sneakers_gravel_neutral_0018.wav,sneakers,gravel,0,0,6,528.48,81.38114285714286,85.316,0.9538790245340013,19,44100,10.0,9.209614512471655
sneakers_gravel_neutral_0031__H2H_528.48ms__PK_85.32dB.wav,sneakers_gravel_neutral_0031.wav,sneakers,gravel,1,0,7,528.48,85.316,85.316,1.0,19,44100,10.0,9.375056689342404
sneakers_gravel_neutral_0031__H2H_628.18ms__PK_57.77dB.wav,sneakers_gravel_neutral_0031.wav,sneakers,gravel,1,1,0,628.1771428571428,57.772,85.316,0.6771531717380093,16,44100,10.0,9.375056689342404
sneakers_gravel_neutral_0018__H2H_628.18ms__PK_61.71dB.wav,sneakers_gravel_neutral_0018.wav,sneakers,gravel,0,1,1,628.1771428571428,61.70685714285714,85.316,0.7232741472040078,16,44100,10.0,9.209614512471655
sneakers_gravel_neutral_0031__H2H_628.18ms__PK_65.64dB.wav,sneakers_gravel_neutral_0031.wav,sneakers,gravel,1,1,2,628.1771428571428,65.64171428571429,85.316,0.7693951226700066,16,44100,10.0,9.375056689342404
sneakers_gravel_neutral_0018__H2H_628.18ms__PK_69.58dB.wav,sneakers_gravel_neutral_0018.wav,sneakers,gravel,0,1,3,628.1771428571428,69.57657142857143,85.316,0.8155160981360052,16,44100,10.0,9.209614512471655
sneakers_gravel_neutral_0031__H2H_628.18ms__PK_73.51dB.wav,sneakers_gravel_neutral_0031.wav,sneakers,gravel,1,1,4,628.1771428571428,73.51142857142857,85.316,0.8616370736020039,16,44100,10.0,9.375056689342404
sneakers_gravel_neutral_0018__H2H_628.18ms__PK_77.45dB.wav,sneakers_gravel_neutral_0018.wav,sneakers,gravel,0,1,5,628.1771428571428,77.44628571428572,85.316,0.9077580490680027,16,44100,10.0,9.209614512471655
sneakers_gravel_neutral_0031__H2H_628.18ms__PK_81.38dB.wav,sneakers_gravel_neutral_0031.wav,sneakers,gravel,1,1,6,628.1771428571428,81.38114285714286,85.316,0.9538790245340013,16,44100,10.0,9.375056689342404
sneakers_gravel_neutral_0018__H2H_628.18ms__PK_85.32dB.wav,sneakers_gravel_neutral_0018.wav,sneakers,gravel,0,1,7,628.1771428571428,85.316,85.316,1.0,16,44100,10.0,9.209614512471655
sneakers_gravel_neutral_0018__H2H_727.87ms__PK_57.77dB.wav,sneakers_gravel_neutral_0018.wav,sneakers,gravel,0,2,0,727.8742857142856,57.772,85.316,0.6771531717380093,14,44100,10.0,9.209614512471655
sneakers_gravel_neutral_0031__H2H_727.87ms__PK_61.71dB.wav,sneakers_gravel_neutral_0031.wav,sneakers,gravel,1,2,1,727.8742857142856,61.70685714285714,85.316,0.7232741472040078,14,44100,10.0,9.375056689342404
sneakers_gravel_neutral_0018__H2H_727.87ms__PK_65.64dB.wav,sneakers_gravel_neutral_0018.wav,sneakers,gravel,0,2,2,727.8742857142856,65.64171428571429,85.316,0.7693951226700066,14,44100,10.0,9.209614512471655
sneakers_gravel_neutral_0031__H2H_727.87ms__PK_69.58dB.wav,sneakers_gravel_neutral_0031.wav,sneakers,gravel,1,2,3,727.8742857142856,69.57657142857143,85.316,0.8155160981360052,14,44100,10.0,9.375056689342404
sneakers_gravel_neutral_0018__H2H_727.87ms__PK_73.51dB.wav,sneakers_gravel_neutral_0018.wav,sneakers,gravel,0,2,4,727.8742857142856,73.51142857142857,85.316,0.8616370736020039,14,44100,10.0,9.209614512471655
sneakers_gravel_neutral_0031__H2H_727.87ms__PK_77.45dB.wav,sneakers_gravel_neutral_0031.wav,sneakers,gravel,1,2,5,727.8742857142856,77.44628571428572,85.316,0.9077580490680027,14,44100,10.0,9.375056689342404
sneakers_gravel_neutral_0018__H2H_727.87ms__PK_81.38dB.wav,sneakers_gravel_neutral_0018.wav,sneakers,gravel,0,2,6,727.8742857142856,81.38114285714286,85.316,0.9538790245340013,14,44100,10.0,9.209614512471655
sneakers_gravel_neutral_0031__H2H_727.87ms__PK_85.32dB.wav,sneakers_gravel_neutral_0031.wav,sneakers,gravel,1,2,7,727.8742857142856,85.316,85.316,1.0,14,44100,10.0,9.375056689342404
sneakers_gravel_neutral_0031__H2H_827.57ms__PK_57.77dB.wav,sneakers_gravel_neutral_0031.wav,sneakers,gravel,1,3,0,827.5714285714286,57.772,85.316,0.6771531717380093,12,44100,10.0,9.375056689342404
sneakers_gravel_neutral_0018__H2H_827.57ms__PK_61.71dB.wav,sneakers_gravel_neutral_0018.wav,sneakers,gravel,0,3,1,827.5714285714286,61.70685714285714,85.316,0.7232741472040078,12,44100,10.0,9.209614512471655
sneakers_gravel_neutral_0031__H2H_827.57ms__PK_65.64dB.wav,sneakers_gravel_neutral_0031.wav,sneakers,gravel,1,3,2,827.5714285714286,65.64171428571429,85.316,0.7693951226700066,12,44100,10.0,9.375056689342404
sneakers_gravel_neutral_0018__H2H_827.57ms__PK_69.58dB.wav,sneakers_gravel_neutral_0018.wav,sneakers,gravel,0,3,3,827.5714285714286,69.57657142857143,85.316,0.8155160981360052,12,44100,10.0,9.209614512471655
sneakers_gravel_neutral_0031__H2H_827.57ms__PK_73.51dB.wav,sneakers_gravel_neutral_0031.wav,sneakers,gravel,1,3,4,827.5714285714286,73.51142857142857,85.316,0.8616370736020039,12,44100,10.0,9.375056689342404
sneakers_gravel_neutral_0018__H2H_827.57ms__PK_77.45dB.wav,sneakers_gravel_neutral_0018.wav,sneakers,gravel,0,3,5,827.5714285714286,77.44628571428572,85.316,0.9077580490680027,12,44100,10.0,9.209614512471655
sneakers_gravel_neutral_0031__H2H_827.57ms__PK_81.38dB.wav,sneakers_gravel_neutral_0031.wav,sneakers,gravel,1,3,6,827.5714285714286,81.38114285714286,85.316,0.9538790245340013,12,44100,10.0,9.375056689342404
sneakers_gravel_neutral_0018__H2H_827.57ms__PK_85.32dB.wav,sneakers_gravel_neutral_0018.wav,sneakers,gravel,0,3,7,827.5714285714286,85.316,85.316,1.0,12,44100,10.0,9.209614512471655
sneakers_gravel_neutral_0018__H2H_927.27ms__PK_57.77dB.wav,sneakers_gravel_neutral_0018.wav,sneakers,gravel,0,4,0,927.2685714285714,57.772,85.316,0.6771531717380093,11,44100,10.0,9.209614512471655
sneakers_gravel_neutral_0031__H2H_927.27ms__PK_61.71dB.wav,sneakers_gravel_neutral_0031.wav,sneakers,gravel,1,4,1,927.2685714285714,61.70685714285714,85.316,0.7232741472040078,11,44100,10.0,9.375056689342404
sneakers_gravel_neutral_0018__H2H_927.27ms__PK_65.64dB.wav,sneakers_gravel_neutral_0018.wav,sneakers,gravel,0,4,2,927.2685714285714,65.64171428571429,85.316,0.7693951226700066,11,44100,10.0,9.209614512471655
sneakers_gravel_neutral_0031__H2H_927.27ms__PK_69.58dB.wav,sneakers_gravel_neutral_0031.wav,sneakers,gravel,1,4,3,927.2685714285714,69.57657142857143,85.316,0.8155160981360052,11,44100,10.0,9.375056689342404
sneakers_gravel_neutral_0018__H2H_927.27ms__PK_73.51dB.wav,sneakers_gravel_neutral_0018.wav,sneakers,gravel,0,4,4,927.2685714285714,73.51142857142857,85.316,0.8616370736020039,11,44100,10.0,9.209614512471655
sneakers_gravel_neutral_0031__H2H_927.27ms__PK_77.45dB.wav,sneakers_gravel_neutral_0031.wav,sneakers,gravel,1,4,5,927.2685714285714,77.44628571428572,85.316,0.9077580490680027,11,44100,10.0,9.375056689342404
sneakers_gravel_neutral_0018__H2H_927.27ms__PK_81.38dB.wav,sneakers_gravel_neutral_0018.wav,sneakers,gravel,0,4,6,927.2685714285714,81.38114285714286,85.316,0.9538790245340013,11,44100,10.0,9.209614512471655
sneakers_gravel_neutral_0031__H2H_927.27ms__PK_85.32dB.wav,sneakers_gravel_neutral_0031.wav,sneakers,gravel,1,4,7,927.2685714285714,85.316,85.316,1.0,11,44100,10.0,9.375056689342404
sneakers_gravel_neutral_0031__H2H_1026.97ms__PK_57.77dB.wav,sneakers_gravel_neutral_0031.wav,sneakers,gravel,1,5,0,1026.965714285714,57.772,85.316,0.6771531717380093,10,44100,10.0,9.375056689342404
sneakers_gravel_neutral_0018__H2H_1026.97ms__PK_61.71dB.wav,sneakers_gravel_neutral_0018.wav,sneakers,gravel,0,5,1,1026.965714285714,61.70685714285714,85.316,0.7232741472040078,10,44100,10.0,9.209614512471655
sneakers_gravel_neutral_0031__H2H_1026.97ms__PK_65.64dB.wav,sneakers_gravel_neutral_0031.wav,sneakers,gravel,1,5,2,1026.965714285714,65.64171428571429,85.316,0.7693951226700066,10,44100,10.0,9.375056689342404
sneakers_gravel_neutral_0018__H2H_1026.97ms__PK_69.58dB.wav,sneakers_gravel_neutral_0018.wav,sneakers,gravel,0,5,3,1026.965714285714,69.57657142857143,85.316,0.8155160981360052,10,44100,10.0,9.209614512471655
sneakers_gravel_neutral_0031__H2H_1026.97ms__PK_73.51dB.wav,sneakers_gravel_neutral_0031.wav,sneakers,gravel,1,5,4,1026.965714285714,73.51142857142857,85.316,0.8616370736020039,10,44100,10.0,9.375056689342404
sneakers_gravel_neutral_0018__H2H_1026.97ms__PK_77.45dB.wav,sneakers_gravel_neutral_0018.wav,sneakers,gravel,0,5,5,1026.965714285714,77.44628571428572,85.316,0.9077580490680027,10,44100,10.0,9.209614512471655
sneakers_gravel_neutral_0031__H2H_1026.97ms__PK_81.38dB.wav,sneakers_gravel_neutral_0031.wav,sneakers,gravel,1,5,6,1026.965714285714,81.38114285714286,85.316,0.9538790245340013,10,44100,10.0,9.375056689342404
sneakers_gravel_neutral_0018__H2H_1026.97ms__PK_85.32dB.wav,sneakers_gravel_neutral_0018.wav,sneakers,gravel,0,5,7,1026.965714285714,85.316,85.316,1.0,10,44100,10.0,9.209614512471655
sneakers_gravel_neutral_0018__H2H_1126.66ms__PK_57.77dB.wav,sneakers_gravel_neutral_0018.wav,sneakers,gravel,0,6,0,1126.662857142857,57.772,85.316,0.6771531717380093,9,44100,10.0,9.209614512471655
sneakers_gravel_neutral_0031__H2H_1126.66ms__PK_61.71dB.wav,sneakers_gravel_neutral_0031.wav,sneakers,gravel,1,6,1,1126.662857142857,61.70685714285714,85.316,0.7232741472040078,9,44100,10.0,9.375056689342404
sneakers_gravel_neutral_0018__H2H_1126.66ms__PK_65.64dB.wav,sneakers_gravel_neutral_0018.wav,sneakers,gravel,0,6,2,1126.662857142857,65.64171428571429,85.316,0.7693951226700066,9,44100,10.0,9.209614512471655
sneakers_gravel_neutral_0031__H2H_1126.66ms__PK_69.58dB.wav,sneakers_gravel_neutral_0031.wav,sneakers,gravel,1,6,3,1126.662857142857,69.57657142857143,85.316,0.8155160981360052,9,44100,10.0,9.375056689342404
sneakers_gravel_neutral_0018__H2H_1126.66ms__PK_73.51dB.wav,sneakers_gravel_neutral_0018.wav,sneakers,gravel,0,6,4,1126.662857142857,73.51142857142857,85.316,0.8616370736020039,9,44100,10.0,9.209614512471655
sneakers_gravel_neutral_0031__H2H_1126.66ms__PK_77.45dB.wav,sneakers_gravel_neutral_0031.wav,sneakers,gravel,1,6,5,1126.662857142857,77.44628571428572,85.316,0.9077580490680027,9,44100,10.0,9.375056689342404
sneakers_gravel_neutral_0018__H2H_1126.66ms__PK_81.38dB.wav,sneakers_gravel_neutral_0018.wav,sneakers,gravel,0,6,6,1126.662857142857,81.38114285714286,85.316,0.9538790245340013,9,44100,10.0,9.209614512471655
sneakers_gravel_neutral_0031__H2H_1126.66ms__PK_85.32dB.wav,sneakers_gravel_neutral_0031.wav,sneakers,gravel,1,6,7,1126.662857142857,85.316,85.316,1.0,9,44100,10.0,9.375056689342404
sneakers_gravel_neutral_0031__H2H_1226.36ms__PK_57.77dB.wav,sneakers_gravel_neutral_0031.wav,sneakers,gravel,1,7,0,1226.36,57.772,85.316,0.6771531717380093,9,44100,10.0,9.375056689342404
sneakers_gravel_neutral_0018__H2H_1226.36ms__PK_61.71dB.wav,sneakers_gravel_neutral_0018.wav,sneakers,gravel,0,7,1,1226.36,61.70685714285714,85.316,0.7232741472040078,9,44100,10.0,9.209614512471655
sneakers_gravel_neutral_0031__H2H_1226.36ms__PK_65.64dB.wav,sneakers_gravel_neutral_0031.wav,sneakers,gravel,1,7,2,1226.36,65.64171428571429,85.316,0.7693951226700066,9,44100,10.0,9.375056689342404
sneakers_gravel_neutral_0018__H2H_1226.36ms__PK_69.58dB.wav,sneakers_gravel_neutral_0018.wav,sneakers,gravel,0,7,3,1226.36,69.57657142857143,85.316,0.8155160981360052,9,44100,10.0,9.209614512471655
sneakers_gravel_neutral_0031__H2H_1226.36ms__PK_73.51dB.wav,sneakers_gravel_neutral_0031.wav,sneakers,gravel,1,7,4,1226.36,73.51142857142857,85.316,0.8616370736020039,9,44100,10.0,9.375056689342404
sneakers_gravel_neutral_0018__H2H_1226.36ms__PK_77.45dB.wav,sneakers_gravel_neutral_0018.wav,sneakers,gravel,0,7,5,1226.36,77.44628571428572,85.316,0.9077580490680027,9,44100,10.0,9.209614512471655
sneakers_gravel_neutral_0031__H2H_1226.36ms__PK_81.38dB.wav,sneakers_gravel_neutral_0031.wav,sneakers,gravel,1,7,6,1226.36,81.38114285714286,85.316,0.9538790245340013,9,44100,10.0,9.375056689342404
sneakers_gravel_neutral_0018__H2H_1226.36ms__PK_85.32dB.wav,sneakers_gravel_neutral_0018.wav,sneakers,gravel,0,7,7,1226.36,85.316,85.316,1.0,9,44100,10.0,9.209614512471655
sneakers_metal_neutral_0232__H2H_530.76ms__PK_56.18dB.wav,sneakers_metal_neutral_0232.wav,sneakers,metal,0,0,0,530.76,56.18,83.34,0.6741060715142788,19,44100,10.0,6.751201814058957
sneakers_metal_neutral_0244__H2H_530.76ms__PK_60.06dB.wav,sneakers_metal_neutral_0244.wav,sneakers,metal,1,0,1,530.76,60.06,83.34,0.720662347012239,19,44100,10.0,5.186757369614512
sneakers_metal_neutral_0232__H2H_530.76ms__PK_63.94dB.wav,sneakers_metal_neutral_0232.wav,sneakers,metal,0,0,2,530.76,63.94,83.34,0.7672186225101991,19,44100,10.0,6.751201814058957
sneakers_metal_neutral_0244__H2H_530.76ms__PK_67.82dB.wav,sneakers_metal_neutral_0244.wav,sneakers,metal,1,0,3,530.76,67.82,83.34,0.8137748980081593,19,44100,10.0,5.186757369614512
sneakers_metal_neutral_0232__H2H_530.76ms__PK_71.70dB.wav,sneakers_metal_neutral_0232.wav,sneakers,metal,0,0,4,530.76,71.7,83.34,0.8603311735061195,19,44100,10.0,6.751201814058957
sneakers_metal_neutral_0244__H2H_530.76ms__PK_75.58dB.wav,sneakers_metal_neutral_0244.wav,sneakers,metal,1,0,5,530.76,75.58,83.34,0.9068874490040796,19,44100,10.0,5.186757369614512
sneakers_metal_neutral_0232__H2H_530.76ms__PK_79.46dB.wav,sneakers_metal_neutral_0232.wav,sneakers,metal,0,0,6,530.76,79.46000000000001,83.34,0.9534437245020398,19,44100,10.0,6.751201814058957
sneakers_metal_neutral_0244__H2H_530.76ms__PK_83.34dB.wav,sneakers_metal_neutral_0244.wav,sneakers,metal,1,0,7,530.76,83.34,83.34,1.0,19,44100,10.0,5.186757369614512
sneakers_metal_neutral_0244__H2H_631.27ms__PK_56.18dB.wav,sneakers_metal_neutral_0244.wav,sneakers,metal,1,1,0,631.2742857142857,56.18,83.34,0.6741060715142788,16,44100,10.0,5.186757369614512
sneakers_metal_neutral_0232__H2H_631.27ms__PK_60.06dB.wav,sneakers_metal_neutral_0232.wav,sneakers,metal,0,1,1,631.2742857142857,60.06,83.34,0.720662347012239,16,44100,10.0,6.751201814058957
sneakers_metal_neutral_0244__H2H_631.27ms__PK_63.94dB.wav,sneakers_metal_neutral_0244.wav,sneakers,metal,1,1,2,631.2742857142857,63.94,83.34,0.7672186225101991,16,44100,10.0,5.186757369614512
sneakers_metal_neutral_0232__H2H_631.27ms__PK_67.82dB.wav,sneakers_metal_neutral_0232.wav,sneakers,metal,0,1,3,631.2742857142857,67.82,83.34,0.8137748980081593,16,44100,10.0,6.751201814058957
sneakers_metal_neutral_0244__H2H_631.27ms__PK_71.70dB.wav,sneakers_metal_neutral_0244.wav,sneakers,metal,1,1,4,631.2742857142857,71.7,83.34,0.8603311735061195,16,44100,10.0,5.186757369614512
sneakers_metal_neutral_0232__H2H_631.27ms__PK_75.58dB.wav,sneakers_metal_neutral_0232.wav,sneakers,metal,0,1,5,631.2742857142857,75.58,83.34,0.9068874490040796,16,44100,10.0,6.751201814058957
sneakers_metal_neutral_0244__H2H_631.27ms__PK_79.46dB.wav,sneakers_metal_neutral_0244.wav,sneakers,metal,1,1,6,631.2742857142857,79.46000000000001,83.34,0.9534437245020398,16,44100,10.0,5.186757369614512
sneakers_metal_neutral_0232__H2H_631.27ms__PK_83.34dB.wav,sneakers_metal_neutral_0232.wav,sneakers,metal,0,1,7,631.2742857142857,83.34,83.34,1.0,16,44100,10.0,6.751201814058957
sneakers_metal_neutral_0232__H2H_731.79ms__PK_56.18dB.wav,sneakers_metal_neutral_0232.wav,sneakers,metal,0,2,0,731.7885714285715,56.18,83.34,0.6741060715142788,14,44100,10.0,6.751201814058957
sneakers_metal_neutral_0244__H2H_731.79ms__PK_60.06dB.wav,sneakers_metal_neutral_0244.wav,sneakers,metal,1,2,1,731.7885714285715,60.06,83.34,0.720662347012239,14,44100,10.0,5.186757369614512
sneakers_metal_neutral_0232__H2H_731.79ms__PK_63.94dB.wav,sneakers_metal_neutral_0232.wav,sneakers,metal,0,2,2,731.7885714285715,63.94,83.34,0.7672186225101991,14,44100,10.0,6.751201814058957
sneakers_metal_neutral_0244__H2H_731.79ms__PK_67.82dB.wav,sneakers_metal_neutral_0244.wav,sneakers,metal,1,2,3,731.7885714285715,67.82,83.34,0.8137748980081593,14,44100,10.0,5.186757369614512
sneakers_metal_neutral_0232__H2H_731.79ms__PK_71.70dB.wav,sneakers_metal_neutral_0232.wav,sneakers,metal,0,2,4,731.7885714285715,71.7,83.34,0.8603311735061195,14,44100,10.0,6.751201814058957
sneakers_metal_neutral_0244__H2H_731.79ms__PK_75.58dB.wav,sneakers_metal_neutral_0244.wav,sneakers,metal,1,2,5,731.7885714285715,75.58,83.34,0.9068874490040796,14,44100,10.0,5.186757369614512
sneakers_metal_neutral_0232__H2H_731.79ms__PK_79.46dB.wav,sneakers_metal_neutral_0232.wav,sneakers,metal,0,2,6,731.7885714285715,79.46000000000001,83.34,0.9534437245020398,14,44100,10.0,6.751201814058957
sneakers_metal_neutral_0244__H2H_731.79ms__PK_83.34dB.wav,sneakers_metal_neutral_0244.wav,sneakers,metal,1,2,7,731.7885714285715,83.34,83.34,1.0,14,44100,10.0,5.186757369614512
sneakers_metal_neutral_0244__H2H_832.30ms__PK_56.18dB.wav,sneakers_metal_neutral_0244.wav,sneakers,metal,1,3,0,832.3028571428571,56.18,83.34,0.6741060715142788,12,44100,10.0,5.186757369614512
sneakers_metal_neutral_0232__H2H_832.30ms__PK_60.06dB.wav,sneakers_metal_neutral_0232.wav,sneakers,metal,0,3,1,832.3028571428571,60.06,83.34,0.720662347012239,12,44100,10.0,6.751201814058957
sneakers_metal_neutral_0244__H2H_832.30ms__PK_63.94dB.wav,sneakers_metal_neutral_0244.wav,sneakers,metal,1,3,2,832.3028571428571,63.94,83.34,0.7672186225101991,12,44100,10.0,5.186757369614512
sneakers_metal_neutral_0232__H2H_832.30ms__PK_67.82dB.wav,sneakers_metal_neutral_0232.wav,sneakers,metal,0,3,3,832.3028571428571,67.82,83.34,0.8137748980081593,12,44100,10.0,6.751201814058957
sneakers_metal_neutral_0244__H2H_832.30ms__PK_71.70dB.wav,sneakers_metal_neutral_0244.wav,sneakers,metal,1,3,4,832.3028571428571,71.7,83.34,0.8603311735061195,12,44100,10.0,5.186757369614512
sneakers_metal_neutral_0232__H2H_832.30ms__PK_75.58dB.wav,sneakers_metal_neutral_0232.wav,sneakers,metal,0,3,5,832.3028571428571,75.58,83.34,0.9068874490040796,12,44100,10.0,6.751201814058957
sneakers_metal_neutral_0244__H2H_832.30ms__PK_79.46dB.wav,sneakers_metal_neutral_0244.wav,sneakers,metal,1,3,6,832.3028571428571,79.46000000000001,83.34,0.9534437245020398,12,44100,10.0,5.186757369614512
sneakers_metal_neutral_0232__H2H_832.30ms__PK_83.34dB.wav,sneakers_metal_neutral_0232.wav,sneakers,metal,0,3,7,832.3028571428571,83.34,83.34,1.0,12,44100,10.0,6.751201814058957
sneakers_metal_neutral_0232__H2H_932.82ms__PK_56.18dB.wav,sneakers_metal_neutral_0232.wav,sneakers,metal,0,4,0,932.8171428571428,56.18,83.34,0.6741060715142788,11,44100,10.0,6.751201814058957
sneakers_metal_neutral_0244__H2H_932.82ms__PK_60.06dB.wav,sneakers_metal_neutral_0244.wav,sneakers,metal,1,4,1,932.8171428571428,60.06,83.34,0.720662347012239,11,44100,10.0,5.186757369614512
sneakers_metal_neutral_0232__H2H_932.82ms__PK_63.94dB.wav,sneakers_metal_neutral_0232.wav,sneakers,metal,0,4,2,932.8171428571428,63.94,83.34,0.7672186225101991,11,44100,10.0,6.751201814058957
sneakers_metal_neutral_0244__H2H_932.82ms__PK_67.82dB.wav,sneakers_metal_neutral_0244.wav,sneakers,metal,1,4,3,932.8171428571428,67.82,83.34,0.8137748980081593,11,44100,10.0,5.186757369614512
sneakers_metal_neutral_0232__H2H_932.82ms__PK_71.70dB.wav,sneakers_metal_neutral_0232.wav,sneakers,metal,0,4,4,932.8171428571428,71.7,83.34,0.8603311735061195,11,44100,10.0,6.751201814058957
sneakers_metal_neutral_0244__H2H_932.82ms__PK_75.58dB.wav,sneakers_metal_neutral_0244.wav,sneakers,metal,1,4,5,932.8171428571428,75.58,83.34,0.9068874490040796,11,44100,10.0,5.186757369614512
sneakers_metal_neutral_0232__H2H_932.82ms__PK_79.46dB.wav,sneakers_metal_neutral_0232.wav,sneakers,metal,0,4,6,932.8171428571428,79.46000000000001,83.34,0.9534437245020398,11,44100,10.0,6.751201814058957
sneakers_metal_neutral_0244__H2H_932.82ms__PK_83.34dB.wav,sneakers_metal_neutral_0244.wav,sneakers,metal,1,4,7,932.8171428571428,83.34,83.34,1.0,11,44100,10.0,5.186757369614512
sneakers_metal_neutral_0244__H2H_1033.33ms__PK_56.18dB.wav,sneakers_metal_neutral_0244.wav,sneakers,metal,1,5,0,1033.331428571429,56.18,83.34,0.6741060715142788,10,44100,10.0,5.186757369614512
sneakers_metal_neutral_0232__H2H_1033.33ms__PK_60.06dB.wav,sneakers_metal_neutral_0232.wav,sneakers,metal,0,5,1,1033.331428571429,60.06,83.34,0.720662347012239,10,44100,10.0,6.751201814058957
sneakers_metal_neutral_0244__H2H_1033.33ms__PK_63.94dB.wav,sneakers_metal_neutral_0244.wav,sneakers,metal,1,5,2,1033.331428571429,63.94,83.34,0.7672186225101991,10,44100,10.0,5.186757369614512
sneakers_metal_neutral_0232__H2H_1033.33ms__PK_67.82dB.wav,sneakers_metal_neutral_0232.wav,sneakers,metal,0,5,3,1033.331428571429,67.82,83.34,0.8137748980081593,10,44100,10.0,6.751201814058957
sneakers_metal_neutral_0244__H2H_1033.33ms__PK_71.70dB.wav,sneakers_metal_neutral_0244.wav,sneakers,metal,1,5,4,1033.331428571429,71.7,83.34,0.8603311735061195,10,44100,10.0,5.186757369614512
sneakers_metal_neutral_0232__H2H_1033.33ms__PK_75.58dB.wav,sneakers_metal_neutral_0232.wav,sneakers,metal,0,5,5,1033.331428571429,75.58,83.34,0.9068874490040796,10,44100,10.0,6.751201814058957
sneakers_metal_neutral_0244__H2H_1033.33ms__PK_79.46dB.wav,sneakers_metal_neutral_0244.wav,sneakers,metal,1,5,6,1033.331428571429,79.46000000000001,83.34,0.9534437245020398,10,44100,10.0,5.186757369614512
sneakers_metal_neutral_0232__H2H_1033.33ms__PK_83.34dB.wav,sneakers_metal_neutral_0232.wav,sneakers,metal,0,5,7,1033.331428571429,83.34,83.34,1.0,10,44100,10.0,6.751201814058957
sneakers_metal_neutral_0232__H2H_1133.85ms__PK_56.18dB.wav,sneakers_metal_neutral_0232.wav,sneakers,metal,0,6,0,1133.8457142857142,56.18,83.34,0.6741060715142788,9,44100,10.0,6.751201814058957
sneakers_metal_neutral_0244__H2H_1133.85ms__PK_60.06dB.wav,sneakers_metal_neutral_0244.wav,sneakers,metal,1,6,1,1133.8457142857142,60.06,83.34,0.720662347012239,9,44100,10.0,5.186757369614512
sneakers_metal_neutral_0232__H2H_1133.85ms__PK_63.94dB.wav,sneakers_metal_neutral_0232.wav,sneakers,metal,0,6,2,1133.8457142857142,63.94,83.34,0.7672186225101991,9,44100,10.0,6.751201814058957
sneakers_metal_neutral_0244__H2H_1133.85ms__PK_67.82dB.wav,sneakers_metal_neutral_0244.wav,sneakers,metal,1,6,3,1133.8457142857142,67.82,83.34,0.8137748980081593,9,44100,10.0,5.186757369614512
sneakers_metal_neutral_0232__H2H_1133.85ms__PK_71.70dB.wav,sneakers_metal_neutral_0232.wav,sneakers,metal,0,6,4,1133.8457142857142,71.7,83.34,0.8603311735061195,9,44100,10.0,6.751201814058957
sneakers_metal_neutral_0244__H2H_1133.85ms__PK_75.58dB.wav,sneakers_metal_neutral_0244.wav,sneakers,metal,1,6,5,1133.8457142857142,75.58,83.34,0.9068874490040796,9,44100,10.0,5.186757369614512
sneakers_metal_neutral_0232__H2H_1133.85ms__PK_79.46dB.wav,sneakers_metal_neutral_0232.wav,sneakers,metal,0,6,6,1133.8457142857142,79.46000000000001,83.34,0.9534437245020398,9,44100,10.0,6.751201814058957
sneakers_metal_neutral_0244__H2H_1133.85ms__PK_83.34dB.wav,sneakers_metal_neutral_0244.wav,sneakers,metal,1,6,7,1133.8457142857142,83.34,83.34,1.0,9,44100,10.0,5.186757369614512
sneakers_metal_neutral_0244__H2H_1234.36ms__PK_56.18dB.wav,sneakers_metal_neutral_0244.wav,sneakers,metal,1,7,0,1234.36,56.18,83.34,0.6741060715142788,9,44100,10.0,5.186757369614512
sneakers_metal_neutral_0232__H2H_1234.36ms__PK_60.06dB.wav,sneakers_metal_neutral_0232.wav,sneakers,metal,0,7,1,1234.36,60.06,83.34,0.720662347012239,9,44100,10.0,6.751201814058957
sneakers_metal_neutral_0244__H2H_1234.36ms__PK_63.94dB.wav,sneakers_metal_neutral_0244.wav,sneakers,metal,1,7,2,1234.36,63.94,83.34,0.7672186225101991,9,44100,10.0,5.186757369614512
sneakers_metal_neutral_0232__H2H_1234.36ms__PK_67.82dB.wav,sneakers_metal_neutral_0232.wav,sneakers,metal,0,7,3,1234.36,67.82,83.34,0.8137748980081593,9,44100,10.0,6.751201814058957
sneakers_metal_neutral_0244__H2H_1234.36ms__PK_71.70dB.wav,sneakers_metal_neutral_0244.wav,sneakers,metal,1,7,4,1234.36,71.7,83.34,0.8603311735061195,9,44100,10.0,5.186757369614512
sneakers_metal_neutral_0232__H2H_1234.36ms__PK_75.58dB.wav,sneakers_metal_neutral_0232.wav,sneakers,metal,0,7,5,1234.36,75.58,83.34,0.9068874490040796,9,44100,10.0,6.751201814058957
sneakers_metal_neutral_0244__H2H_1234.36ms__PK_79.46dB.wav,sneakers_metal_neutral_0244.wav,sneakers,metal,1,7,6,1234.36,79.46000000000001,83.34,0.9534437245020398,9,44100,10.0,5.186757369614512
sneakers_metal_neutral_0232__H2H_1234.36ms__PK_83.34dB.wav,sneakers_metal_neutral_0232.wav,sneakers,metal,0,7,7,1234.36,83.34,83.34,1.0,9,44100,10.0,6.751201814058957
sneakers_wood_neutral_0014__H2H_499.76ms__PK_62.68dB.wav,sneakers_wood_neutral_0014.wav,sneakers,wood,0,0,0,499.76,62.67600000000001,91.64,0.6839371453513751,20,44100,10.0,7.83092970521542
sneakers_wood_neutral_0018__H2H_499.76ms__PK_66.81dB.wav,sneakers_wood_neutral_0018.wav,sneakers,wood,1,0,1,499.76,66.8137142857143,91.64,0.7290889817297501,20,44100,10.0,2.507755102040816
sneakers_wood_neutral_0014__H2H_499.76ms__PK_70.95dB.wav,sneakers_wood_neutral_0014.wav,sneakers,wood,0,0,2,499.76,70.95142857142858,91.64,0.7742408181081251,20,44100,10.0,7.83092970521542
sneakers_wood_neutral_0018__H2H_499.76ms__PK_75.09dB.wav,sneakers_wood_neutral_0018.wav,sneakers,wood,1,0,3,499.76,75.08914285714286,91.64,0.8193926544865,20,44100,10.0,2.507755102040816
sneakers_wood_neutral_0014__H2H_499.76ms__PK_79.23dB.wav,sneakers_wood_neutral_0014.wav,sneakers,wood,0,0,4,499.76,79.22685714285714,91.64,0.864544490864875,20,44100,10.0,7.83092970521542
sneakers_wood_neutral_0018__H2H_499.76ms__PK_83.36dB.wav,sneakers_wood_neutral_0018.wav,sneakers,wood,1,0,5,499.76,83.36457142857142,91.64,0.9096963272432499,20,44100,10.0,2.507755102040816
sneakers_wood_neutral_0014__H2H_499.76ms__PK_87.50dB.wav,sneakers_wood_neutral_0014.wav,sneakers,wood,0,0,6,499.76,87.5022857142857,91.64,0.9548481636216248,20,44100,10.0,7.83092970521542
sneakers_wood_neutral_0018__H2H_499.76ms__PK_91.64dB.wav,sneakers_wood_neutral_0018.wav,sneakers,wood,1,0,7,499.76,91.64,91.64,1.0,20,44100,10.0,2.507755102040816
sneakers_wood_neutral_0018__H2H_603.07ms__PK_62.68dB.wav,sneakers_wood_neutral_0018.wav,sneakers,wood,1,1,0,603.0685714285714,62.67600000000001,91.64,0.6839371453513751,17,44100,10.0,2.507755102040816
sneakers_wood_neutral_0014__H2H_603.07ms__PK_66.81dB.wav,sneakers_wood_neutral_0014.wav,sneakers,wood,0,1,1,603.0685714285714,66.8137142857143,91.64,0.7290889817297501,17,44100,10.0,7.83092970521542
sneakers_wood_neutral_0018__H2H_603.07ms__PK_70.95dB.wav,sneakers_wood_neutral_0018.wav,sneakers,wood,1,1,2,603.0685714285714,70.95142857142858,91.64,0.7742408181081251,17,44100,10.0,2.507755102040816
sneakers_wood_neutral_0014__H2H_603.07ms__PK_75.09dB.wav,sneakers_wood_neutral_0014.wav,sneakers,wood,0,1,3,603.0685714285714,75.08914285714286,91.64,0.8193926544865,17,44100,10.0,7.83092970521542
sneakers_wood_neutral_0018__H2H_603.07ms__PK_79.23dB.wav,sneakers_wood_neutral_0018.wav,sneakers,wood,1,1,4,603.0685714285714,79.22685714285714,91.64,0.864544490864875,17,44100,10.0,2.507755102040816
sneakers_wood_neutral_0014__H2H_603.07ms__PK_83.36dB.wav,sneakers_wood_neutral_0014.wav,sneakers,wood,0,1,5,603.0685714285714,83.36457142857142,91.64,0.9096963272432499,17,44100,10.0,7.83092970521542
sneakers_wood_neutral_0018__H2H_603.07ms__PK_87.50dB.wav,sneakers_wood_neutral_0018.wav,sneakers,wood,1,1,6,603.0685714285714,87.5022857142857,91.64,0.9548481636216248,17,44100,10.0,2.507755102040816
sneakers_wood_neutral_0014__H2H_603.07ms__PK_91.64dB.wav,sneakers_wood_neutral_0014.wav,sneakers,wood,0,1,7,603.0685714285714,91.64,91.64,1.0,17,44100,10.0,7.83092970521542
sneakers_wood_neutral_0014__H2H_706.38ms__PK_62.68dB.wav,sneakers_wood_neutral_0014.wav,sneakers,wood,0,2,0,706.3771428571429,62.67600000000001,91.64,0.6839371453513751,15,44100,10.0,7.83092970521542
sneakers_wood_neutral_0018__H2H_706.38ms__PK_66.81dB.wav,sneakers_wood_neutral_0018.wav,sneakers,wood,1,2,1,706.3771428571429,66.8137142857143,91.64,0.7290889817297501,15,44100,10.0,2.507755102040816
sneakers_wood_neutral_0014__H2H_706.38ms__PK_70.95dB.wav,sneakers_wood_neutral_0014.wav,sneakers,wood,0,2,2,706.3771428571429,70.95142857142858,91.64,0.7742408181081251,15,44100,10.0,7.83092970521542
sneakers_wood_neutral_0018__H2H_706.38ms__PK_75.09dB.wav,sneakers_wood_neutral_0018.wav,sneakers,wood,1,2,3,706.3771428571429,75.08914285714286,91.64,0.8193926544865,15,44100,10.0,2.507755102040816
sneakers_wood_neutral_0014__H2H_706.38ms__PK_79.23dB.wav,sneakers_wood_neutral_0014.wav,sneakers,wood,0,2,4,706.3771428571429,79.22685714285714,91.64,0.864544490864875,15,44100,10.0,7.83092970521542
sneakers_wood_neutral_0018__H2H_706.38ms__PK_83.36dB.wav,sneakers_wood_neutral_0018.wav,sneakers,wood,1,2,5,706.3771428571429,83.36457142857142,91.64,0.9096963272432499,15,44100,10.0,2.507755102040816
sneakers_wood_neutral_0014__H2H_706.38ms__PK_87.50dB.wav,sneakers_wood_neutral_0014.wav,sneakers,wood,0,2,6,706.3771428571429,87.5022857142857,91.64,0.9548481636216248,15,44100,10.0,7.83092970521542
sneakers_wood_neutral_0018__H2H_706.38ms__PK_91.64dB.wav,sneakers_wood_neutral_0018.wav,sneakers,wood,1,2,7,706.3771428571429,91.64,91.64,1.0,15,44100,10.0,2.507755102040816
sneakers_wood_neutral_0018__H2H_809.69ms__PK_62.68dB.wav,sneakers_wood_neutral_0018.wav,sneakers,wood,1,3,0,809.6857142857143,62.67600000000001,91.64,0.6839371453513751,13,44100,10.0,2.507755102040816
sneakers_wood_neutral_0014__H2H_809.69ms__PK_66.81dB.wav,sneakers_wood_neutral_0014.wav,sneakers,wood,0,3,1,809.6857142857143,66.8137142857143,91.64,0.7290889817297501,13,44100,10.0,7.83092970521542
sneakers_wood_neutral_0018__H2H_809.69ms__PK_70.95dB.wav,sneakers_wood_neutral_0018.wav,sneakers,wood,1,3,2,809.6857142857143,70.95142857142858,91.64,0.7742408181081251,13,44100,10.0,2.507755102040816
sneakers_wood_neutral_0014__H2H_809.69ms__PK_75.09dB.wav,sneakers_wood_neutral_0014.wav,sneakers,wood,0,3,3,809.6857142857143,75.08914285714286,91.64,0.8193926544865,13,44100,10.0,7.83092970521542
sneakers_wood_neutral_0018__H2H_809.69ms__PK_79.23dB.wav,sneakers_wood_neutral_0018.wav,sneakers,wood,1,3,4,809.6857142857143,79.22685714285714,91.64,0.864544490864875,13,44100,10.0,2.507755102040816
sneakers_wood_neutral_0014__H2H_809.69ms__PK_83.36dB.wav,sneakers_wood_neutral_0014.wav,sneakers,wood,0,3,5,809.6857142857143,83.36457142857142,91.64,0.9096963272432499,13,44100,10.0,7.83092970521542
sneakers_wood_neutral_0018__H2H_809.69ms__PK_87.50dB.wav,sneakers_wood_neutral_0018.wav,sneakers,wood,1,3,6,809.6857142857143,87.5022857142857,91.64,0.9548481636216248,13,44100,10.0,2.507755102040816
sneakers_wood_neutral_0014__H2H_809.69ms__PK_91.64dB.wav,sneakers_wood_neutral_0014.wav,sneakers,wood,0,3,7,809.6857142857143,91.64,91.64,1.0,13,44100,10.0,7.83092970521542
sneakers_wood_neutral_0014__H2H_912.99ms__PK_62.68dB.wav,sneakers_wood_neutral_0014.wav,sneakers,wood,0,4,0,912.9942857142858,62.67600000000001,91.64,0.6839371453513751,11,44100,10.0,7.83092970521542
sneakers_wood_neutral_0018__H2H_912.99ms__PK_66.81dB.wav,sneakers_wood_neutral_0018.wav,sneakers,wood,1,4,1,912.9942857142858,66.8137142857143,91.64,0.7290889817297501,11,44100,10.0,2.507755102040816
sneakers_wood_neutral_0014__H2H_912.99ms__PK_70.95dB.wav,sneakers_wood_neutral_0014.wav,sneakers,wood,0,4,2,912.9942857142858,70.95142857142858,91.64,0.7742408181081251,11,44100,10.0,7.83092970521542
sneakers_wood_neutral_0018__H2H_912.99ms__PK_75.09dB.wav,sneakers_wood_neutral_0018.wav,sneakers,wood,1,4,3,912.9942857142858,75.08914285714286,91.64,0.8193926544865,11,44100,10.0,2.507755102040816
sneakers_wood_neutral_0014__H2H_912.99ms__PK_79.23dB.wav,sneakers_wood_neutral_0014.wav,sneakers,wood,0,4,4,912.9942857142858,79.22685714285714,91.64,0.864544490864875,11,44100,10.0,7.83092970521542
sneakers_wood_neutral_0018__H2H_912.99ms__PK_83.36dB.wav,sneakers_wood_neutral_0018.wav,sneakers,wood,1,4,5,912.9942857142858,83.36457142857142,91.64,0.9096963272432499,11,44100,10.0,2.507755102040816
sneakers_wood_neutral_0014__H2H_912.99ms__PK_87.50dB.wav,sneakers_wood_neutral_0014.wav,sneakers,wood,0,4,6,912.9942857142858,87.5022857142857,91.64,0.9548481636216248,11,44100,10.0,7.83092970521542
sneakers_wood_neutral_0018__H2H_912.99ms__PK_91.64dB.wav,sneakers_wood_neutral_0018.wav,sneakers,wood,1,4,7,912.9942857142858,91.64,91.64,1.0,11,44100,10.0,2.507755102040816
sneakers_wood_neutral_0018__H2H_1016.30ms__PK_62.68dB.wav,sneakers_wood_neutral_0018.wav,sneakers,wood,1,5,0,1016.3028571428572,62.67600000000001,91.64,0.6839371453513751,10,44100,10.0,2.507755102040816
sneakers_wood_neutral_0014__H2H_1016.30ms__PK_66.81dB.wav,sneakers_wood_neutral_0014.wav,sneakers,wood,0,5,1,1016.3028571428572,66.8137142857143,91.64,0.7290889817297501,10,44100,10.0,7.83092970521542
sneakers_wood_neutral_0018__H2H_1016.30ms__PK_70.95dB.wav,sneakers_wood_neutral_0018.wav,sneakers,wood,1,5,2,1016.3028571428572,70.95142857142858,91.64,0.7742408181081251,10,44100,10.0,2.507755102040816
sneakers_wood_neutral_0014__H2H_1016.30ms__PK_75.09dB.wav,sneakers_wood_neutral_0014.wav,sneakers,wood,0,5,3,1016.3028571428572,75.08914285714286,91.64,0.8193926544865,10,44100,10.0,7.83092970521542
sneakers_wood_neutral_0018__H2H_1016.30ms__PK_79.23dB.wav,sneakers_wood_neutral_0018.wav,sneakers,wood,1,5,4,1016.3028571428572,79.22685714285714,91.64,0.864544490864875,10,44100,10.0,2.507755102040816
sneakers_wood_neutral_0014__H2H_1016.30ms__PK_83.36dB.wav,sneakers_wood_neutral_0014.wav,sneakers,wood,0,5,5,1016.3028571428572,83.36457142857142,91.64,0.9096963272432499,10,44100,10.0,7.83092970521542
sneakers_wood_neutral_0018__H2H_1016.30ms__PK_87.50dB.wav,sneakers_wood_neutral_0018.wav,sneakers,wood,1,5,6,1016.3028571428572,87.5022857142857,91.64,0.9548481636216248,10,44100,10.0,2.507755102040816
sneakers_wood_neutral_0014__H2H_1016.30ms__PK_91.64dB.wav,sneakers_wood_neutral_0014.wav,sneakers,wood,0,5,7,1016.3028571428572,91.64,91.64,1.0,10,44100,10.0,7.83092970521542
sneakers_wood_neutral_0014__H2H_1119.61ms__PK_62.68dB.wav,sneakers_wood_neutral_0014.wav,sneakers,wood,0,6,0,1119.6114285714286,62.67600000000001,91.64,0.6839371453513751,9,44100,10.0,7.83092970521542
sneakers_wood_neutral_0018__H2H_1119.61ms__PK_66.81dB.wav,sneakers_wood_neutral_0018.wav,sneakers,wood,1,6,1,1119.6114285714286,66.8137142857143,91.64,0.7290889817297501,9,44100,10.0,2.507755102040816
sneakers_wood_neutral_0014__H2H_1119.61ms__PK_70.95dB.wav,sneakers_wood_neutral_0014.wav,sneakers,wood,0,6,2,1119.6114285714286,70.95142857142858,91.64,0.7742408181081251,9,44100,10.0,7.83092970521542
sneakers_wood_neutral_0018__H2H_1119.61ms__PK_75.09dB.wav,sneakers_wood_neutral_0018.wav,sneakers,wood,1,6,3,1119.6114285714286,75.08914285714286,91.64,0.8193926544865,9,44100,10.0,2.507755102040816
sneakers_wood_neutral_0014__H2H_1119.61ms__PK_79.23dB.wav,sneakers_wood_neutral_0014.wav,sneakers,wood,0,6,4,1119.6114285714286,79.22685714285714,91.64,0.864544490864875,9,44100,10.0,7.83092970521542
sneakers_wood_neutral_0018__H2H_1119.61ms__PK_83.36dB.wav,sneakers_wood_neutral_0018.wav,sneakers,wood,1,6,5,1119.6114285714286,83.36457142857142,91.64,0.9096963272432499,9,44100,10.0,2.507755102040816
sneakers_wood_neutral_0014__H2H_1119.61ms__PK_87.50dB.wav,sneakers_wood_neutral_0014.wav,sneakers,wood,0,6,6,1119.6114285714286,87.5022857142857,91.64,0.9548481636216248,9,44100,10.0,7.83092970521542
sneakers_wood_neutral_0018__H2H_1119.61ms__PK_91.64dB.wav,sneakers_wood_neutral_0018.wav,sneakers,wood,1,6,7,1119.6114285714286,91.64,91.64,1.0,9,44100,10.0,2.507755102040816
sneakers_wood_neutral_0018__H2H_1222.92ms__PK_62.68dB.wav,sneakers_wood_neutral_0018.wav,sneakers,wood,1,7,0,1222.92,62.67600000000001,91.64,0.6839371453513751,9,44100,10.0,2.507755102040816
sneakers_wood_neutral_0014__H2H_1222.92ms__PK_66.81dB.wav,sneakers_wood_neutral_0014.wav,sneakers,wood,0,7,1,1222.92,66.8137142857143,91.64,0.7290889817297501,9,44100,10.0,7.83092970521542
sneakers_wood_neutral_0018__H2H_1222.92ms__PK_70.95dB.wav,sneakers_wood_neutral_0018.wav,sneakers,wood,1,7,2,1222.92,70.95142857142858,91.64,0.7742408181081251,9,44100,10.0,2.507755102040816
sneakers_wood_neutral_0014__H2H_1222.92ms__PK_75.09dB.wav,sneakers_wood_neutral_0014.wav,sneakers,wood,0,7,3,1222.92,75.08914285714286,91.64,0.8193926544865,9,44100,10.0,7.83092970521542
sneakers_wood_neutral_0018__H2H_1222.92ms__PK_79.23dB.wav,sneakers_wood_neutral_0018.wav,sneakers,wood,1,7,4,1222.92,79.22685714285714,91.64,0.864544490864875,9,44100,10.0,2.507755102040816
sneakers_wood_neutral_0014__H2H_1222.92ms__PK_83.36dB.wav,sneakers_wood_neutral_0014.wav,sneakers,wood,0,7,5,1222.92,83.36457142857142,91.64,0.9096963272432499,9,44100,10.0,7.83092970521542
sneakers_wood_neutral_0018__H2H_1222.92ms__PK_87.50dB.wav,sneakers_wood_neutral_0018.wav,sneakers,wood,1,7,6,1222.92,87.5022857142857,91.64,0.9548481636216248,9,44100,10.0,2.507755102040816
sneakers_wood_neutral_0014__H2H_1222.92ms__PK_91.64dB.wav,sneakers_wood_neutral_0014.wav,sneakers,wood,0,7,7,1222.92,91.64,91.64,1.0,9,44100,10.0,7.83092970521542
